,id,name,alias,startDate,coords,city
0,3,Сыктывкар-1,"Первомайская, 85",2011-10-06,"{'lat': 61.66572, 'long': 50.83164}",Сыктывкар
1,5,Сыктывкар-2,"Славы, 18/1",2012-05-03,"{'lat': 61.782461, 'long': 50.753933}",Сыктывкар
2,7,Ухта-3,"Ленина, 47",2012-07-17,"{'lat': 63.568312, 'long': 53.657755}",Ухта
3,9,Смоленск-1,"Петра Алексеева, 2а",2012-08-28,"{'lat': 54.761031, 'long': 32.102222}",Смоленск
4,16,Самара-1,"Самара-1, Победы 99",2012-11-06,"{'lat': 53.214312, 'long': 50.252401}",Самара
5,17,Сарапул-1,Сарапул,2012-11-03,"{'lat': 56.476065, 'long': 53.814655}",Сарапул
6,18,Челябинск-1,"Воровского, 60",2012-11-14,"{'lat': 55.142175, 'long': 61.375784}",Челябинск
7,21,Белгород-1,Белгород-1,2012-12-12,"{'lat': 50.574676, 'long': 36.569652}",Белгород
8,24,Смоленск-2,"Октябрьской Революции, 24",2013-04-10,"{'lat': 54.772603, 'long': 32.042664}",Смоленск
9,27,Октябрьский-1,"Ленина, 33",2013-12-26,"{'lat': 54.483922, 'long': 53.47838}",Октябрьский (респ. Башкортостан)
10,28,Самара-2,"Самара-2, Губанова 6",2013-07-17,"{'lat': 53.24846, 'long': 50.214171}",Самара
11,29,Сыктывкар-3,"Петрозаводская, 21/1",2013-10-23,"{'lat': 61.693098, 'long': 50.815216}",Сыктывкар
12,31,Ульяновск-1,Киндяковка,2013-09-19,"{'lat': 54.257307, 'long': 48.321448}",Ульяновск
13,34,Таганрог-1,Таганрог (Петровская),2014-02-22,"{'lat': 47.212989, 'long': 38.932454}",Таганрог
14,36,Долгопрудный-1,"Долгопрудный, Дирижабельная",2014-02-15,"{'lat': 55.945473, 'long': 37.50796}",Долгопрудный
15,44,Энгельс-1,Энгельс,2014-03-31,"{'lat': 51.478278, 'long': 46.135928}",Энгельс
16,46,Красноярск-1,"Красноярск-1, Карамзина 20А",2014-04-14,"{'lat': 55.988648, 'long': 92.852395}",Красноярск
17,48,Абакан-1,Абакан,2014-04-27,"{'lat': 53.726474, 'long': 91.435228}",Абакан
18,49,Гатчина-1,Додо на Соборной,2014-12-13,"{'lat': 59.565323, 'long': 30.128711}",Гатчина
19,63,Нижнекамск-1,Нижнекамск-1,2014-11-03,"{'lat': 55.628262, 'long': 51.80166}",Нижнекамск
20,65,Майкоп-1,Майкоп,2014-10-26,"{'lat': 44.607678, 'long': 40.106193}",Майкоп
21,66,Самара-3,"Самара-3, Мориса Тореза 13А",2014-10-27,"{'lat': 53.195997, 'long': 50.168115}",Самара
22,68,Королев-1,Подлипки,2014-12-04,"{'lat': 55.923036, 'long': 37.82595}",Королев
23,70,Махачкала-1,Махачкала-1,2015-01-27,"{'lat': 42.963389, 'long': 47.499319}",Махачкала
24,72,Мытищи-1,Белобородова,2015-05-09,"{'lat': 55.919473, 'long': 37.745187}",Мытищи
25,73,Ульяновск-2,Центр,2014-08-16,"{'lat': 54.316823, 'long': 48.396439}",Ульяновск
26,75,Реутов-1,"Реутов, 8-й м-н",2015-08-24,"{'lat': 55.746851, 'long': 37.854485}",Реутов
27,77,Альметьевск-1,Альметьевск,2014-12-15,"{'lat': 54.899918, 'long': 52.281087}",Альметьевск
28,78,Сыктывкар-5,ТРЦ Парма,2015-03-26,"{'lat': 61.661877, 'long': 50.804121}",Сыктывкар
29,80,Ростов-на-Дону-1,Ленина,2014-12-14,"{'lat': 47.249366, 'long': 39.710494}",Ростов-на-Дону
30,82,Уссурийск-1,Уссурийск,2015-03-11,"{'lat': 43.802901, 'long': 131.943408}",Уссурийск
31,83,Смоленск-3,Додо Пицца Экспресс ТРЦ Макси,2014-12-25,"{'lat': 54.768917, 'long': 32.082328}",Смоленск
32,85,Химки-1,Новые Химки,2015-01-23,"{'lat': 55.888785, 'long': 37.428147}",Химки
33,86,Самара-4,"Самара-4, Ново-Садовая 8А",2015-03-23,"{'lat': 53.207216, 'long': 50.128167}",Самара
34,88,Колпино-1,Колпино,2015-04-22,"{'lat': 59.740951, 'long': 30.611297}",Колпино
35,91,Новороссийск-1,"Энгельса, 50",2015-05-05,"{'lat': 44.713549, 'long': 37.776799}",Новороссийск
36,94,Калининград-1,"ул. Дзержинского, 57Б",2015-05-27,"{'lat': 54.691058, 'long': 20.530331}",Калининград
37,97,Чайковский-1,Чайковский-1,2015-07-12,"{'lat': 56.779313, 'long': 54.145819}",Чайковский
38,99,Тюмень-1,"Кирова, 23",2015-02-15,"{'lat': 57.158101, 'long': 65.533196}",Тюмень
39,101,Бугульма-1,Бугульма,2015-02-21,"{'lat': 54.536389, 'long': 52.7975}",Бугульма
40,103,Волжский-1,"Волжский-1, ВолгаМолл ",2015-05-15,"{'lat': 48.77205, 'long': 44.802882}",Волжский (Волгоградская обл.)
41,105,Муром-1,Муром,2015-05-17,"{'lat': 55.577999, 'long': 42.046042}",Муром
42,107,Березники-1,Березники,2015-05-28,"{'lat': 59.405769, 'long': 56.844421}",Березники
43,109,Нефтекамск-1,Нефтекамск,2016-03-11,"{'lat': 56.075648, 'long': 54.235637}",Нефтекамск
44,111,Комсомольск-на-Амуре-1,"Вокзальная, 87",2015-09-03,"{'lat': 50.543804, 'long': 136.971575}",Комсомольск-на-Амуре
45,113,Астрахань-1,Эллинг,2015-04-28,"{'lat': 46.343294, 'long': 48.017433}",Астрахань
46,116,Ачинск-1,Ачинск,2015-05-12,"{'lat': 56.262352, 'long': 90.491395}",Ачинск
47,118,Прокопьевск-1,Прокопьевск,2021-08-16,"{'lat': 53.8726, 'long': 86.6375}",Прокопьевск
48,120,Ленинск-Кузнецкий-1,Ленинск-Кузнецкий,2016-01-24,"{'lat': 54.698546, 'long': 86.209773}",Ленинск-Кузнецкий
49,121,Ростов-на-Дону-2,Северный,2015-07-11,"{'lat': 47.283762, 'long': 39.713791}",Ростов-на-Дону
50,125,Нижневартовск-1,Огонь,2015-07-21,"{'lat': 60.944761, 'long': 76.572938}",Нижневартовск
51,127,Щелково-1,Мкр. Щелково-3,2015-10-30,"{'lat': 55.905144, 'long': 38.047353}",Щелково
52,129,Зеленоград-1,Зеленоград-1,2015-11-26,"{'lat': 55.975415, 'long': 37.161053}",Зеленоград
53,132,Ангарск-1,Ангарск (напротив ТРЦ Фестиваль),2015-09-30,"{'lat': 52.503762, 'long': 103.843378}",Ангарск
54,135,Одинцово-1,Одинцово,2015-08-29,"{'lat': 55.6851, 'long': 37.3028}",Одинцово
55,140,Саратов-1,Ильинская площадь,2015-08-18,"{'lat': 51.519962, 'long': 46.013482}",Саратов
56,142,Дедовск-1,Дедовск,2015-10-21,"{'lat': 55.862621, 'long': 37.121487}",Дедовск
57,144,Московский-1,Московский,2015-10-02,"{'lat': 55.597478, 'long': 37.347651}",Московский
58,146,Вологда-1,Центр,2015-09-17,"{'lat': 59.221203, 'long': 39.893534}",Вологда
59,148,Балашиха-1,Балашиха,2015-09-19,"{'lat': 55.797508, 'long': 37.93589}",Балашиха
60,150,Домодедово-1,Домодедово-1 Лунная,2015-09-07,"{'lat': 55.426595, 'long': 37.757485}",Домодедово
61,152,Калуга-1,"Кирова, 20",2015-10-22,"{'lat': 54.514904, 'long': 36.250284}",Калуга
62,154,Салават-1,Салават,2016-01-14,"{'lat': 53.340663, 'long': 55.934663}",Салават
63,156,Сургут-1,На Энергетиков,2015-10-17,"{'lat': 61.240041, 'long': 73.404635}",Сургут
64,158,Всеволожск-1,Всеволожск,2015-11-26,"{'lat': 60.032636, 'long': 30.63592}",Всеволожск
65,160,Петрозаводск-1,Центр,2016-03-13,"{'lat': 61.788396, 'long': 34.353388}",Петрозаводск
66,162,Петергоф-1,Петергоф,2016-10-24,"{'lat': 59.870601, 'long': 29.84905}",Петергоф
67,164,Балаково-1,"Балаково, Трнавская 3/3",2016-02-09,"{'lat': 52.019527, 'long': 47.81973}",Балаково
68,166,Нефтеюганск-1,Нефтеюганск,2016-08-11,"{'lat': 61.092566, 'long': 72.614416}",Нефтеюганск
69,168,Новочебоксарск-1,Новочебоксарск,2015-12-06,"{'lat': 56.109586, 'long': 47.471435}",Новочебоксарск
70,170,Железнодорожный-1,Железнодорожный-1,2015-12-14,"{'lat': 55.749679, 'long': 37.996296}",Железнодорожный
71,172,Додо Франчайзинг-1,УЦ-1,2015-09-03,"{'lat': 61.660381, 'long': 50.820651}",Додо офис
72,174,Люберцы-1,Люберцы,2017-01-11,"{'lat': 55.68624, 'long': 37.899729}",Люберцы
73,176,Тверь-1,Центр,2016-02-11,"{'lat': 56.849813, 'long': 35.907264}",Тверь
74,178,Тобольск-1,Тобольск,2016-04-07,"{'lat': 58.226662, 'long': 68.267299}",Тобольск
75,181,Благовещенск-1,Доставка и самовывоз,2016-04-28,"{'lat': 50.27191, 'long': 127.531198}",Благовещенск
76,183,Шахты-1,Шахты,2015-12-30,"{'lat': 47.710219, 'long': 40.218136}",Шахты
77,185,Лобня-1,Лобня,2016-01-26,"{'lat': 56.009733, 'long': 37.475791}",Лобня
78,187,Пушкино-1,Пушкино,2016-02-11,"{'lat': 56.009154, 'long': 37.855141}",Пушкино
79,189,Гатчина-2,Додо в ТРК Кубус,2015-11-21,"{'lat': 59.58255, 'long': 30.14544}",Гатчина
80,190,Челябинск-2,"Чайковского, 14а",2016-01-16,"{'lat': 55.194193, 'long': 61.362093}",Челябинск
81,192,Абинск-1,Абинск,2016-04-24,"{'lat': 44.862081, 'long': 38.169182}",Абинск
82,194,Ханты-Мансийск-1,Ханты-Мансийск,2016-02-07,"{'lat': 61.002874, 'long': 69.03561}",Ханты-Мансийск
83,197,Ивантеевка-1,Ивантеевка,2017-10-03,"{'lat': 55.968668, 'long': 37.914956}",Ивантеевка
84,198,Орск-1,Орск,2021-03-05,"{'lat': 51.226835, 'long': 58.47595}",Орск
85,200,Жуковский-1,Жуковский,2018-01-19,"{'lat': 55.60551, 'long': 38.073917}",Жуковский
86,202,Казань-1,Вахитовский район,2016-03-29,"{'lat': 55.792, 'long': 49.1522}",Казань
87,204,Зеленокумск-1,Зеленокумск,2016-07-12,"{'lat': 44.403689, 'long': 43.885649}",Зеленокумск
88,206,Вельск-1,Вельск,2016-04-03,"{'lat': 61.070116, 'long': 42.106005}",Вельск
89,208,Выборг-1,Выборг,2016-04-04,"{'lat': 60.706815, 'long': 28.771844}",Выборг
90,210,Новокуйбышевск-1,"Новокуйбышевск, пл. Ленина",2016-05-10,"{'lat': 53.0998, 'long': 49.9463}",Новокуйбышевск
91,212,Тольятти-1,"Тольятти-1, Революционная, 52а",2016-02-12,"{'lat': 53.518204, 'long': 49.272007}",Тольятти
92,214,Москва 1-1,Медведково Южное,2015-12-26,"{'lat': 55.869881, 'long': 37.631568}",Москва
93,216,Серпухов-1,Серпухов,2016-07-15,"{'lat': 54.923873, 'long': 37.441594}",Серпухов
94,218,Якутск-1,Кирова,2016-07-06,"{'lat': 62.033225, 'long': 129.717742}",Якутск
95,220,Новый Уренгой-1,Новый Уренгой,2017-02-15,"{'lat': 66.117999, 'long': 76.683948}",Новый Уренгой
96,222,Сочи-1,Сочи. Центр,2016-03-20,"{'lat': 43.592286, 'long': 39.726286}",Сочи
97,224,Электросталь-1,Электросталь,2016-06-15,"{'lat': 55.770674, 'long': 38.433913}",Электросталь
98,226,Нижний Тагил-1,Пр. Ленина 62,2016-09-09,"{'lat': 57.911435, 'long': 59.986779}",Нижний Тагил
99,227,Калининград-2,"ул. Горького, 104Б",2016-03-10,"{'lat': 54.735953, 'long': 20.508682}",Калининград
100,229,Находка-1,"Находка-1, пр-кт Находкинский 36",2017-02-27,"{'lat': 42.811868, 'long': 132.876506}",Находка
101,231,Коммунарка-1,Коммунарка,2016-11-07,"{'lat': 55.570302, 'long': 37.476404}",Коммунарка
102,233,Рязань-1,"Первомайский, 56",2016-11-28,"{'lat': 54.62983, 'long': 39.718818}",Рязань
103,234,Самара-5,"Самара-5, Ленинградская 29",2016-05-06,"{'lat': 53.1875, 'long': 50.0904}",Самара
104,236,Киров-1,Киров,2016-10-14,"{'lat': 58.605466, 'long': 49.660675}",Киров
105,238,Псков-1,Юбиленая 68,2017-08-09,"{'lat': 57.821939, 'long': 28.291789}",Псков
106,240,Нижний Новгород-1," Нижний Новгород-1, Парк Кулибина",2016-04-26,"{'lat': 56.3167, 'long': 44.0061}",Нижний Новгород
107,244,Сергиев Посад-1,Сергиев Посад,2017-01-11,"{'lat': 56.304461, 'long': 38.134414}",Сергиев Посад
108,246,Красногорск-1,Красногорск и Павшинская Пойма,2016-06-03,"{'lat': 55.825669, 'long': 37.366328}",Красногорск
109,249,Владивосток-1,"Владивосток-1, Некрасовская 61А",2020-02-10,"{'lat': 43.131868, 'long': 131.910886}",Владивосток
110,251,Северск-1,Северск,2016-08-11,"{'lat': 56.581231, 'long': 84.924005}",Северск
111,253,Радужный-1,Радужный,2016-07-07,"{'lat': 56.001638, 'long': 40.333378}",Радужный (Владимирская обл.)
112,254,Ростов-на-Дону-3,Западный,2016-06-24,"{'lat': 47.231279, 'long': 39.63}",Ростов-на-Дону
113,256,Бердск-1,Бердск,2017-02-27,"{'lat': 54.758573, 'long': 83.109112}",Бердск
114,258,Саранск-1,Саранск,2017-02-02,"{'lat': 54.188739, 'long': 45.176833}",Саранск
115,261,Ухта-2,Ухта,2016-04-08,"{'lat': 63.566863, 'long': 53.70657}",Ухта
116,263,Орехово-Зуево-1,ул.Ленина 50А,2016-10-23,"{'lat': 55.804987, 'long': 38.983003}",Орехово-Зуево
117,265,Уфа-1,Уфа-1. Центр,2016-07-18,"{'lat': 54.726169, 'long': 55.940644}",Уфа
118,266,Тюмень-2,ТЦ Дарина,2016-05-03,"{'lat': 57.109718, 'long': 65.562301}",Тюмень
119,268,Коломна-1,Коломна,2016-10-14,"{'lat': 55.092892, 'long': 38.766104}",Коломна
120,269,Сургут-2,ТЦ Никольский,2017-07-09,"{'lat': 61.262231, 'long': 73.380849}",Сургут
121,272,Дмитров-1,Дмитров,2016-09-22,"{'lat': 56.336109, 'long': 37.513278}",Дмитров
122,274,Екатеринбург-1,Екатеринбург-1,2016-09-18,"{'lat': 56.842856, 'long': 60.647151}",Екатеринбург
123,276,Краснодар-1,"Красная, 83",2016-10-13,"{'lat': 45.031581, 'long': 38.972661}",Краснодар
124,280,Ижевск-1,"ТЦ ""Аврора-Парк""",2016-08-14,"{'lat': 56.859352, 'long': 53.222172}",Ижевск
125,282,Раменское-1,Раменское,2016-08-16,"{'lat': 55.571036, 'long': 38.23047}",Раменское
126,284,Бузулук-1,Бузулук,2017-01-05,"{'lat': 52.7933, 'long': 52.262205}",Бузулук
127,286,Сызрань-1,Сызрань,2017-04-10,"{'lat': 53.148814, 'long': 48.458066}",Сызрань
128,289,Лениногорск-1,Лениногорск,2016-07-18,"{'lat': 54.602006, 'long': 52.450986}",Лениногорск
129,290,Клин-1,Клин,2016-12-01,"{'lat': 56.325625, 'long': 36.721116}",Клин
130,292,Ноябрьск-1,Ноябрьск,2018-12-18,"{'lat': 63.186568, 'long': 75.443266}",Ноябрьск
131,293,Москва 1-2,Алтуфьево и Бибирево,2016-11-12,"{'lat': 55.888296, 'long': 37.588674}",Москва
132,294,Москва 1-3,Тушино Южное,2016-09-13,"{'lat': 55.843423, 'long': 37.443883}",Москва
133,295,Москва 1-4,Строгино,2016-12-06,"{'lat': 55.811442, 'long': 37.398958}",Москва
134,296,Москва 1-5,Тушино Северное,2016-08-10,"{'lat': 55.854311, 'long': 37.420699}",Москва
135,298,Камышин-1,Остановка Дружба,2017-01-12,"{'lat': 50.080095, 'long': 45.40374}",Камышин
136,300,Обнинск-1,Обнинск,2016-09-01,"{'lat': 55.116038, 'long': 36.596252}",Обнинск
137,302,Троицк-1,Троицк,2016-10-13,"{'lat': 55.46759, 'long': 37.296273}",Троицк (г. Москва)
138,304,Санкт-Петербург 1-1,ТЦ Электра ,2016-11-19,"{'lat': 59.881435, 'long': 30.315383}",Санкт-Петербург
139,305,Вологда-2,Ленинградская,2016-08-21,"{'lat': 59.208908, 'long': 39.843463}",Вологда
140,308,Братск-1,Братск,2017-03-06,"{'lat': 56.172119, 'long': 101.617694}",Братск
141,310,Йошкар-Ола-1,Йошкар-Ола,2017-01-09,"{'lat': 56.631387, 'long': 47.911664}",Йошкар-Ола
142,312,Старый Оскол-1,Старый Оскол,2020-11-19,"{'lat': 51.306707, 'long': 37.890161}",Старый Оскол
143,314,Зеленодольск-1,Зеленодольск,2022-11-15,"{'lat': 55.853597, 'long': 48.565898}",Зеленодольск
144,318,Батайск-1,Батайск,2017-07-21,"{'lat': 47.137972, 'long': 39.747586}",Батайск
145,320,Дубна-1,Дубна-1,2016-12-30,"{'lat': 56.729876, 'long': 37.143043}",Дубна
146,324,Москва 5-1,Марьино-Люблино,2016-11-07,"{'lat': 55.65562, 'long': 37.761449}",Москва
147,325,Челябинск-3,"Салютная, 2",2017-06-01,"{'lat': 55.172149, 'long': 61.45489}",Челябинск
148,326,Тольятти-2,"Тольятти-2, Мира, 71",2016-09-01,"{'lat': 53.50808, 'long': 49.416568}",Тольятти
149,328,Парголово-1,Парнас,2017-02-21,"{'lat': 60.081098, 'long': 30.340879}",Парголово
150,330,Сосновый Бор-1,Сосновый Бор,2017-05-25,"{'lat': 59.908797, 'long': 29.069126}",Сосновый Бор
151,332,Ногинск-1,Ногинск,2017-02-09,"{'lat': 55.857045, 'long': 38.438362}",Ногинск
152,334,Воскресенск-1,Воскресенск,2017-01-15,"{'lat': 55.311833, 'long': 38.65048}",Воскресенск
153,336,Великий Новгород-1,Центр,2017-01-17,"{'lat': 58.523411, 'long': 31.262405}",Великий Новгород
154,338,Норильск-1,Норильск-1,2017-12-29,"{'lat': 69.36288, 'long': 88.180352}",Норильск
155,340,Череповец-1,ТЦ Silver Park,2017-06-06,"{'lat': 59.08894, 'long': 37.916409}",Череповец
156,342,Брянск-1,Советский,2017-09-30,"{'lat': 53.263354, 'long': 34.341197}",Брянск
157,344,Иваново-1,Иваново,2017-07-18,"{'lat': 56.963391, 'long': 40.988462}",Иваново
158,346,Зеленоград-2,Зеленоград-2,2016-11-15,"{'lat': 55.991469, 'long': 37.21573}",Зеленоград
159,348,Москва 6-1,Чертаново Южное,2016-12-11,"{'lat': 55.594603, 'long': 37.599191}",Москва
160,350,Волгоград-1,"Волгоград-1, Центр Аллея Героев ",2017-06-10,"{'lat': 48.706294, 'long': 44.517074}",Волгоград
161,351,Волгоград-2,"Волгоград-2, Красный Октябрь",2017-01-28,"{'lat': 48.77231, 'long': 44.564732}",Волгоград
162,352,Казань-2,Советский район,2016-12-21,"{'lat': 55.768436, 'long': 49.217102}",Казань
163,354,Александров-1,Александров,2017-07-13,"{'lat': 56.398507, 'long': 38.720725}",Александров
164,356,Санкт-Петербург 2-1,ТК на Маршала Захарова,2016-12-29,"{'lat': 59.857749, 'long': 30.179227}",Санкт-Петербург
165,357,Краснодар-2,"40 лет Победы, 144/4 ""А""",2016-10-08,"{'lat': 45.055295, 'long': 39.017965}",Краснодар
166,359,Миасс-1,Миасс-1,2017-12-07,"{'lat': 55.04606, 'long': 60.108222}",Миасс
167,361,Санкт-Петербург 0-1,Лиговский пр-т.,2016-11-27,"{'lat': 59.926886, 'long': 30.357867}",Санкт-Петербург
168,362,Краснодар-3,"Ставропольская, 218/1",2016-10-29,"{'lat': 45.019336, 'long': 39.027206}",Краснодар
169,363,Комсомольск-на-Амуре-2,"Мира, 30",2016-10-17,"{'lat': 50.547253, 'long': 137.019564}",Комсомольск-на-Амуре
170,367,Петропавловск-Камчатский-1,Петропавловск-Камчатский,2020-08-02,"{'lat': 53.055767, 'long': 158.637172}",Петропавловск-Камчатский
171,369,Железногорск-1,Парковая,2017-11-14,"{'lat': 56.242979, 'long': 93.53645}",Железногорск (Красноярский край)
172,371,Владимир-1,Площадь Победы,2017-01-03,"{'lat': 56.121058, 'long': 40.362405}",Владимир
173,373,Чебоксары-1,Северо-Запад,2017-01-06,"{'lat': 56.14774, 'long': 47.186939}",Чебоксары
174,377,Чехов-1,Чехов,2017-08-25,"{'lat': 55.144504, 'long': 37.453753}",Чехов
175,379,Тамбов-1,Тамбов,2017-07-14,"{'lat': 52.712295, 'long': 41.469755}",Тамбов
176,381,Армавир-1,"Армавир, Ленина, 101 ""А""",2017-11-27,"{'lat': 44.999532, 'long': 41.127259}",Армавир
177,383,Соль-Илецк-1,Соль-Илецк,2017-06-23,"{'lat': 51.158443, 'long': 54.994645}",Соль-Илецк
178,385,Ковров-1,Додо пицца,2017-08-28,"{'lat': 56.33722, 'long': 41.30385}",Ковров
179,387,Наро-Фоминск-1,Наро-Фоминск,2017-10-13,"{'lat': 55.382702, 'long': 36.730001}",Наро-Фоминск
180,389,Москва 4-1,"ТРЦ ""Вива!""",2017-04-02,"{'lat': 55.565605, 'long': 37.556128}",Москва
181,391,Михайловск-1,Михайловск,2018-01-25,"{'lat': 45.139299, 'long': 42.016071}",Михайловск
182,394,Москва 3-2,Хорошево-Мневники,2016-12-29,"{'lat': 55.775444, 'long': 37.491673}",Москва
183,395,Москва 3-3,Октябрьское Поле,2017-04-18,"{'lat': 55.79458, 'long': 37.494281}",Москва
184,396,Уфа-3,Уфа-3. Сипайлово,2016-12-19,"{'lat': 54.77395, 'long': 56.07963}",Уфа
185,397,Краснодар-4,"Красных Партизан, 171",2017-01-14,"{'lat': 45.059014, 'long': 38.926912}",Краснодар
186,399,Рыбинск-1,Рыбинск,2017-03-23,"{'lat': 58.041526, 'long': 38.809159}",Рыбинск
187,400,Самара-6,"Самара-6, Стара-Загора 124А",2017-02-03,"{'lat': 53.243751, 'long': 50.229844}",Самара
188,404,Москва 1-6,Свиблово,2018-09-19,"{'lat': 55.852278, 'long': 37.645726}",Москва
189,407,Пермь-1,Парковый,2017-03-27,"{'lat': 57.998335, 'long': 56.165572}",Пермь
190,409,Кудрово-1,Кудрово,2020-03-05,"{'lat': 59.900953, 'long': 30.512941}",Кудрово
191,411,Новомосковск-1,Новомосковск,2020-04-13,"{'lat': 54.011305, 'long': 38.284949}",Новомосковск
192,413,Воронеж-1,Воронеж-1,2017-03-28,"{'lat': 51.668473, 'long': 39.193056}",Воронеж
193,416,Москва 0-1,Черемушки,2017-02-22,"{'lat': 55.662613, 'long': 37.554825}",Москва
194,417,Екатеринбург-2,Екатеринбург-2,2017-07-03,"{'lat': 56.897448, 'long': 60.613473}",Екатеринбург
195,418,Екатеринбург-3,Екатеринбург-3,2017-08-28,"{'lat': 56.798177, 'long': 60.617462}",Екатеринбург
196,421,Нижневартовск-2,Огни Сибири,2017-02-22,"{'lat': 60.939259, 'long': 76.588115}",Нижневартовск
197,425,Томск-1,"Ленина, 26",2017-07-25,"{'lat': 56.461831, 'long': 84.950412}",Томск
198,428,Димитровград-1,Мега Магнит,2019-03-21,"{'lat': 54.23768, 'long': 49.562907}",Димитровград
199,430,Краснодар-5,"Уральская, 156/2",2017-05-03,"{'lat': 45.037579, 'long': 39.092399}",Краснодар
200,431,Краснодар-6,"Дзержинского, 167",2017-03-03,"{'lat': 45.09052, 'long': 38.976565}",Краснодар
201,433,Владикавказ-1,Владикавказ,2018-12-10,"{'lat': 43.018861, 'long': 44.674291}",Владикавказ
202,435,Чебоксары-2,НЮР,2017-04-04,"{'lat': 56.10201, 'long': 47.281963}",Чебоксары
203,436,Москва 4-2,Южное Бутово,2017-04-24,"{'lat': 55.539889, 'long': 37.536365}",Москва
204,438,Старая Купавна-1,Старая Купавна,2017-08-16,"{'lat': 55.802999, 'long': 38.182115}",Старая Купавна
205,441,Воткинск-1,Воткинск,2018-01-14,"{'lat': 57.050822, 'long': 54.002098}",Воткинск
206,442,Уфа-2,Уфа-2. Черниковка,2017-04-01,"{'lat': 54.8186, 'long': 56.06423}",Уфа
207,444,Санкт-Петербург 3-1,"Санкт-Петербург 3-1, ТК Озерки",2018-02-15,"{'lat': 60.036938, 'long': 30.320427}",Санкт-Петербург
208,445,Санкт-Петербург 3-2,"Санкт-Петербург 3-2, пр-т. Художников",2018-11-22,"{'lat': 60.047748, 'long': 30.35237}",Санкт-Петербург
209,446,Санкт-Петербург 3-3,"Санкт-Петербург 3-3, пр-т. Непокоренных",2020-07-12,"{'lat': 59.99852, 'long': 30.36592}",Санкт-Петербург
210,447,Санкт-Петербург 3-4,"Санкт-Петербург 3-4, пр-т. Энгельса 21",2022-06-30,"{'lat': 60.00293, 'long': 30.328787}",Санкт-Петербург
211,448,Санкт-Петербург 3-5,"Санкт-Петербург 3-5, Бизнес-центр Гулливер",2017-11-05,"{'lat': 59.989438, 'long': 30.257171}",Санкт-Петербург
212,449,Санкт-Петербург 3-6,"Санкт-Петербург 3-6, Богатырский пр-т.",2018-12-18,"{'lat': 60.006165, 'long': 30.21055}",Санкт-Петербург
213,451,Санкт-Петербург 3-8,"Санкт-Петербург 3-8, Шуваловский проспект",2021-07-14,"{'lat': 60.030856, 'long': 30.230816}",Санкт-Петербург
214,456,Мичуринск-1,Мичуринск,2022-01-01,"{'lat': 52.891234, 'long': 40.511306}",Мичуринск
215,458,Невинномысск-1,Невинномысск,2017-10-23,"{'lat': 44.622804, 'long': 41.950601}",Невинномысск
216,460,Корсаков-1,Корсаков,2017-12-10,"{'lat': 46.641557, 'long': 142.78557}",Корсаков
217,461,Москва 1-7,Медведково Северное,2019-04-27,"{'lat': 55.887685, 'long': 37.675711}",Москва
218,462,Москва 1-8,Бабушкинская,2021-08-27,"{'lat': 55.868995, 'long': 37.664909}",Москва
219,464,Москва 1-10,"Отрадное, Березовая аллея",2019-04-17,"{'lat': 55.853708, 'long': 37.609937}",Москва
220,465,Москва 1-11,Бибирево,2019-07-22,"{'lat': 55.894308, 'long': 37.616944}",Москва
221,466,Москва 1-12,Тушинская,2020-07-31,"{'lat': 55.8263, 'long': 37.4361}",Москва
222,467,Москва 1-13,Коровинское шоссе,2019-07-30,"{'lat': 55.8774, 'long': 37.5233}",Москва
223,468,Москва 1-14,"Дмитровское ш., Лианозово",2017-11-22,"{'lat': 55.893672, 'long': 37.558562}",Москва
224,469,Москва 1-15,Бескудниковский,2021-04-20,"{'lat': 55.864556, 'long': 37.569847}",Москва
225,470,Москва 1-16,Ховрино,2017-09-11,"{'lat': 55.866723, 'long': 37.489167}",Москва
226,471,Москва 1-17,Головинский,2017-05-31,"{'lat': 55.839754, 'long': 37.488224}",Москва
227,472,Тольятти-3,"Тольятти-3, Льва Яшина, 16",2017-04-23,"{'lat': 53.542935, 'long': 49.359838}",Тольятти
228,474,Щербинка-1,Щербинка,2018-03-27,"{'lat': 55.499679, 'long': 37.570127}",Щербинка
229,476,Набережные Челны-1,Набережные Челны-1,2017-04-25,"{'lat': 55.730632, 'long': 52.396092}",Набережные Челны
230,479,Каменск-Уральский-1,Каменск-Уральский,2018-01-16,"{'lat': 56.389284, 'long': 61.918842}",Каменск-Уральский
231,481,Ейск-1,Ейск,2017-12-07,"{'lat': 46.689059, 'long': 38.289404}",Ейск
232,483,Санкт-Петербург 6-1,Кондратьевский пр-т.,2017-09-04,"{'lat': 59.972546, 'long': 30.38891}",Санкт-Петербург
233,485,Сертолово-1,Сертолово,2017-09-29,"{'lat': 60.145528, 'long': 30.213505}",Сертолово
234,487,Рассказовка-1,Солнцево-Парк,2019-08-20,"{'lat': 55.625789, 'long': 37.307927}",Москва
235,491,Оренбург-1,Оренбург-1,2017-10-17,"{'lat': 51.765245, 'long': 55.100288}",Оренбург
236,493,Воронеж-2,Воронеж-2,2017-05-03,"{'lat': 51.694736, 'long': 39.269412}",Воронеж
237,494,Кингисепп-1,Кингисепп,2017-10-05,"{'lat': 59.387105, 'long': 28.61418}",Кингисепп
238,495,Оренбург-2,Оренбург-2,2017-07-01,"{'lat': 51.817864, 'long': 55.172427}",Оренбург
239,496,Екатеринбург-4,Екатеринбург-4,2017-12-26,"{'lat': 56.833929, 'long': 60.596217}",Екатеринбург
240,497,Набережные Челны-3,Набережные Челны-3,2017-05-17,"{'lat': 55.69895, 'long': 52.319468}",Набережные Челны
241,499,Нягань-1,"Нягань-1, мкр1,1",2017-11-05,"{'lat': 62.144991, 'long': 65.439543}",Нягань
242,503,Губкин-1,Трест,2018-06-29,"{'lat': 51.283297, 'long': 37.533587}",Губкин
243,505,Шлиссельбург-1,Шлиссельбург,2017-12-29,"{'lat': 59.945842, 'long': 31.03258}",Шлиссельбург
244,507,Москва 12-1,Черкизовская,2018-07-08,"{'lat': 55.800008, 'long': 37.741055}",Москва
245,509,Апрелевка-1,Апрелевка,2018-01-30,"{'lat': 55.548146, 'long': 37.071163}",Апрелевка
246,510,Самара-7,"Самара-7, Кошелев",2017-07-18,"{'lat': 53.321797, 'long': 50.313363}",Самара
247,512,Южно-Сахалинск-1,"Мира, 250",2017-11-27,"{'lat': 46.944109, 'long': 142.742821}",Южно-Сахалинск
248,516,Чита-1,Чита-1,2018-05-29,"{'lat': 52.029219, 'long': 113.501642}",Чита
249,518,Улан-Удэ-1,"Ленина, 52",2018-06-09,"{'lat': 51.833306, 'long': 107.584528}",Улан-Удэ
250,521,Кисловодск-1,Кит,2018-12-10,"{'lat': 43.926238, 'long': 42.723221}",Кисловодск
251,522,Горно-Алтайск-1,Горно-Алтайск,2018-12-24,"{'lat': 51.957271, 'long': 85.954076}",Горно-Алтайск
252,525,Пенза-1,"Пенза-1, Московская, 60",2017-08-03,"{'lat': 53.192706, 'long': 45.015971}",Пенза
253,526,Москва 0-11,Ясенево,2017-07-11,"{'lat': 55.607437, 'long': 37.5326}",Москва
254,529,Тихвин-1,Тихвин,2022-04-23,"{'lat': 59.643495, 'long': 33.556253}",Тихвин
255,530,Нахабино-1,Нахабино,2017-07-07,"{'lat': 55.850739, 'long': 37.177519}",Нахабино
256,531,Шатура-1,Шатура,2017-11-29,"{'lat': 55.574627, 'long': 39.526434}",Шатура
257,533,Балтийск-1,Балтийск,2018-05-09,"{'lat': 54.648109, 'long': 19.902545}",Балтийск
258,535,Котлас-1,Кристалл,2018-02-28,"{'lat': 61.250215, 'long': 46.632528}",Котлас
259,536,Санкт-Петербург 0-2,пр-т. Науки,2017-08-27,"{'lat': 60.015151, 'long': 30.386154}",Санкт-Петербург
260,538,Ставрополь-1,Юг,2017-10-25,"{'lat': 45.006238, 'long': 41.921418}",Ставрополь
261,540,Кубинка-1,Кубинка,2021-12-13,"{'lat': 55.577276, 'long': 36.691526}",Кубинка
262,542,Усинск-1,Усинск,2017-12-08,"{'lat': 65.993226, 'long': 57.566603}",Усинск
263,543,Додо Франчайзинг-2,УЦ-2,2019-04-19,"{'lat': 0, 'long': 0}",Додо офис
264,544,Ульяновск-3,Новый Город,2017-11-08,"{'lat': 54.374957, 'long': 48.579642}",Ульяновск
265,546,Нижний Тагил-3,ТЦ Депо,2017-08-11,"{'lat': 57.874922, 'long': 60.017216}",Нижний Тагил
266,548,Георгиевск-1,Георгиевск-1,2019-04-15,"{'lat': 44.129448, 'long': 43.446874}",Георгиевск
267,550,Тихорецк-1,Тихорецк,2017-11-30,"{'lat': 45.860849, 'long': 40.129215}",Тихорецк
268,551,Калининград-3,"Советский проспект, 1",2017-09-20,"{'lat': 54.720799, 'long': 20.497024}",Калининград
269,552,Набережные Челны-2,Набережные Челны-2,2017-08-02,"{'lat': 55.743796, 'long': 52.430073}",Набережные Челны
270,553,Санкт-Петербург 2-2,ТРК Континент,2017-11-16,"{'lat': 59.858688, 'long': 30.247937}",Санкт-Петербург
271,555,Ессентуки-1,Ессентуки,2018-11-28,"{'lat': 44.05064, 'long': 42.895881}",Ессентуки
272,558,Новосибирск-1,"ул. Геодезическая, д. 4/1",2017-09-18,"{'lat': 54.989199, 'long': 82.904015}",Новосибирск
273,559,Новосибирск-2,"Красный проспект, д. 17",2017-11-22,"{'lat': 55.0263, 'long': 82.920719}",Новосибирск
274,561,Нижний Тагил-2,Пр.Октябрьский 28а,2018-05-08,"{'lat': 57.871999, 'long': 59.956974}",Нижний Тагил
275,563,Астрахань-2,Восточный,2017-09-30,"{'lat': 46.352081, 'long': 48.078295}",Астрахань
276,565,Москва 13-2,Можайский,2017-11-15,"{'lat': 55.719695, 'long': 37.401803}",Москва
277,567,Чапаевск-1,"Чапаевск, ТЦ Новая Легенда",2020-04-28,"{'lat': 52.954745, 'long': 49.689445}",Чапаевск
278,568,Нижний Новгород-2,"Нижний Новгород-2, Центр Сормово",2017-11-26,"{'lat': 56.348173, 'long': 43.867817}",Нижний Новгород
279,570,Магнитогорск-1,"Магнитогорск-1, Карла Маркса, 107",2017-11-04,"{'lat': 53.398729, 'long': 58.979528}",Магнитогорск
280,572,Конаково-1,Конаково,2018-05-03,"{'lat': 56.711351, 'long': 36.776915}",Конаково
281,573,Москва 1-18,Коптево,2018-04-21,"{'lat': 55.825664, 'long': 37.51653}",Москва
282,575,Аксай Россия-1,Аксай,2018-01-19,"{'lat': 47.269028, 'long': 39.859013}",Аксай
283,577,Хотьково-1,Хотьково,2018-08-26,"{'lat': 56.252812, 'long': 37.977761}",Хотьково
284,579,Кувандык-1,Додо Кувандык,2018-06-25,"{'lat': 51.482814, 'long': 57.371411}",Кувандык
285,580,Набережные Челны-4,Набережные Челны-4,2018-01-02,"{'lat': 55.752233, 'long': 52.410313}",Набережные Челны
286,581,Набережные Челны-5,Набережные Челны-5,2017-10-10,"{'lat': 55.743904, 'long': 52.390135}",Набережные Челны
287,582,Москва 4-10,Царицыно,2018-01-23,"{'lat': 55.630425, 'long': 37.658119}",Москва
288,583,Белгород-2,Белгород-2,2017-09-24,"{'lat': 50.59399, 'long': 36.600563}",Белгород
289,585,Магадан-1,Магадан,2019-07-24,"{'lat': 59.559316, 'long': 150.805604}",Магадан
290,587,Мирный-1,Мирный,2017-12-13,"{'lat': 62.764516, 'long': 40.336054}",Мирный (Архангельская обл.)
291,591,Торжок-1,Торжок,2019-03-21,"{'lat': 57.041848, 'long': 34.969924}",Торжок
292,593,Салехард-1,Салехард,2018-09-11,"{'lat': 66.556154, 'long': 66.566444}",Салехард
293,594,Саратов-2,Солнечный,2017-11-21,"{'lat': 51.6022, 'long': 45.99762}",Саратов
294,595,Москва 0-3,Котловка,2018-08-31,"{'lat': 55.682625, 'long': 37.597917}",Москва
295,598,Москва 0-4,Зюзино,2019-10-04,"{'lat': 55.656237, 'long': 37.590132}",Москва
296,599,Москва 0-5,Каховская,2022-07-07,"{'lat': 55.652796, 'long': 37.606703}",Москва
297,601,Москва 0-7,Тропарево,2017-12-29,"{'lat': 55.651049, 'long': 37.469431}",Москва
298,603,Стерлитамак-1,Стерлитамак-1,2018-03-16,"{'lat': 53.632875, 'long': 55.931975}",Стерлитамак
299,605,Подольск-1,Подольск,2017-12-13,"{'lat': 55.429175, 'long': 37.552471}",Подольск
300,606,Новороссийск-2,"Тобольская, 5А",2017-12-04,"{'lat': 44.738684, 'long': 37.731982}",Новороссийск
301,608,Благовещенск-2,Ресторан,2017-12-21,"{'lat': 50.260768, 'long': 127.535831}",Благовещенск
302,609,Вязьма-1,Вязьма,2018-01-10,"{'lat': 55.211089, 'long': 34.284232}",Вязьма
303,611,Москва 2-1,Фили,2018-02-14,"{'lat': 55.755939, 'long': 37.506482}",Москва
304,612,Москва 0-8,Ломоносовский,2018-10-15,"{'lat': 55.682163, 'long': 37.516979}",Москва
305,614,Москва 0-10,Очаково-Матвеевское,2018-06-18,"{'lat': 55.678986, 'long': 37.455894}",Москва
306,615,Москва 0-12,Беляево,2017-12-29,"{'lat': 55.640111, 'long': 37.532951}",Москва
307,616,Москва 0-2,Профсоюзная,2021-01-26,"{'lat': 55.67867, 'long': 37.560479}",Москва
308,618,Дзержинск-1,Дзержинск,2018-02-12,"{'lat': 56.234815, 'long': 43.436293}",Дзержинск
309,620,Архангельск-1,Троицкий 21,2017-12-28,"{'lat': 64.533111, 'long': 40.526536}",Архангельск
310,622,Шушары-1,Шушары,2021-11-13,"{'lat': 59.802925, 'long': 30.37557}",Шушары
311,623,Чебоксары-3,Центр,2018-01-13,"{'lat': 56.136146, 'long': 47.254645}",Чебоксары
312,625,Красное Село-1,Красное Село,2018-03-13,"{'lat': 59.729214, 'long': 30.083303}",Красное Село
313,627,Курган-1,ТРЦ Стрекоза,2018-01-28,"{'lat': 55.464845, 'long': 65.264716}",Курган
314,630,Тюмень-3,50 Лет Октября,2018-01-03,"{'lat': 57.148015, 'long': 65.577741}",Тюмень
315,638,Казань-3,СТЦ Мега,2017-12-21,"{'lat': 55.780841, 'long': 49.212676}",Казань
316,640,Москва 14-1,Лефортово,2018-01-02,"{'lat': 55.758828, 'long': 37.708913}",Москва
317,641,Тюмень-4,ТРЦ Гудвин,2018-01-06,"{'lat': 57.148849, 'long': 65.559867}",Тюмень
318,644,Санкт-Петербург 4-1,ТД Южный,2018-04-17,"{'lat': 59.83302, 'long': 30.390278}",Санкт-Петербург
319,645,Пермь-2,Закамск,2018-02-11,"{'lat': 58.003489, 'long': 55.940666}",Пермь
320,646,Архангельск-2,Сафари,2018-02-09,"{'lat': 64.549552, 'long': 40.55015}",Архангельск
321,647,Орехово-Зуево-2,ТЦ Капитолий,2017-12-31,"{'lat': 55.804602, 'long': 38.974316}",Орехово-Зуево
322,651,Тула-1,"Советская, 56а",2018-02-21,"{'lat': 54.19244, 'long': 37.614236}",Тула
323,652,Москва 4-3,Братеево,2018-02-23,"{'lat': 55.63537, 'long': 37.764041}",Москва
324,655,Москва 0-13,Теплый Стан,2018-03-05,"{'lat': 55.622827, 'long': 37.506253}",Москва
325,657,Кашира-1,Кашира,2020-10-24,"{'lat': 54.834807, 'long': 38.150543}",Кашира
326,659,Надым-1,Надым,2019-01-27,"{'lat': 65.527636, 'long': 72.539678}",Надым
327,662,Омск-1,Омск – Поворотная,2018-03-24,"{'lat': 54.989946, 'long': 73.305887}",Омск
328,665,Москва 16-1,"Алексеевский, Ростокино",2019-10-21,"{'lat': 55.813744, 'long': 37.65627}",Москва
329,667,Фрязино-1,Фрязино,2018-06-23,"{'lat': 55.955725, 'long': 38.042009}",Фрязино
330,669,Анапа-1,Анапа,2018-06-01,"{'lat': 44.896168, 'long': 37.316603}",Анапа
331,671,Геленджик-1,Геленджик,2018-06-02,"{'lat': 44.555747, 'long': 38.072878}",Геленджик
332,672,Казань-4,Новосавиновский район ,2018-04-14,"{'lat': 55.839181, 'long': 49.146459}",Казань
333,674,Сестрорецк-1,Сестрорецк,2022-08-12,"{'lat': 60.086385, 'long': 29.955805}",Сестрорецк
334,676,Ржев-1,Додо Пицца Ржев,2018-10-09,"{'lat': 56.264392, 'long': 34.33229}",Ржев
335,678,Апатиты-1,Апатиты,2021-07-19,"{'lat': 67.567258, 'long': 33.401842}",Апатиты
336,680,Хабаровск-1,Заводская,2018-04-26,"{'lat': 48.397558, 'long': 135.100663}",Хабаровск
337,684,Можайск-1,Можайск,2018-10-19,"{'lat': 55.506661, 'long': 36.016625}",Можайск
338,686,Саров-1,Саров,2018-07-08,"{'lat': 54.94151, 'long': 43.326511}",Саров
339,687,Казань-5,Московский район,2018-04-17,"{'lat': 55.8178, 'long': 49.0909}",Казань
340,689,Железногорск Курской области-1,Железногорск ЦУМ,2019-05-15,"{'lat': 52.350454, 'long': 35.343918}",Железногорск (Курская обл.)
341,691,Иркутск-1,Депутатская,2018-09-08,"{'lat': 52.264467, 'long': 104.329618}",Иркутск
342,697,Усолье-Сибирское-1,Усолье-Сибирское,2019-08-16,"{'lat': 52.732716, 'long': 103.663482}",Усолье-Сибирское
343,702,Новоуральск-1,Комсомолец,2018-09-24,"{'lat': 57.251179, 'long': 60.073487}",Новоуральск
344,703,Москва 6-2,Чертаново Северное,2018-05-30,"{'lat': 55.630019, 'long': 37.599117}",Москва
345,707,Кронштадт-1,Кронштадт,2021-06-07,"{'lat': 59.996481, 'long': 29.766388}",Кронштадт
346,708,Москва 4-4,Орехово-Борисово Северное,2018-12-28,"{'lat': 55.625933, 'long': 37.724202}",Москва
347,710,Москва 13-1,Южнопортовый/Автозаводская,2018-06-01,"{'lat': 55.714289, 'long': 37.670108}",Москва
348,712,Москва 4-5,Орехово-Борисово Южное,2021-08-26,"{'lat': 55.598947, 'long': 37.725099}",Москва
349,713,Москва 4-6,Зябликово,2018-10-26,"{'lat': 55.610367, 'long': 37.740345}",Москва
350,714,Москва 4-7,Домодедовская,2018-09-22,"{'lat': 55.602779, 'long': 37.713818}",Москва
351,717,Москва 4-11,Коломенская,2019-05-09,"{'lat': 55.683209, 'long': 37.663119}",Москва
352,718,Москва 4-12,Каширская,2021-04-14,"{'lat': 55.653512, 'long': 37.648169}",Москва
353,719,Москва 4-13,Восточное Измайлово,2018-06-17,"{'lat': 55.802381, 'long': 37.825712}",Москва
354,722,Домодедово-2,Домодедово-2 Курыжова,2018-04-05,"{'lat': 55.40285, 'long': 37.766591}",Домодедово
355,723,Ставрополь-2,Север,2018-04-26,"{'lat': 45.064572, 'long': 41.936259}",Ставрополь
356,724,Долгопрудный-2,"Долгопрудный, ТЦ Конфитюр",2018-08-04,"{'lat': 55.931235, 'long': 37.494153}",Долгопрудный
357,726,Санкт-Петербург 5-1,пр-т. Обуховской Обороны,2018-09-26,"{'lat': 59.86915, 'long': 30.458836}",Санкт-Петербург
358,729,Орел-1,Ленина 19/2,2021-03-24,"{'lat': 52.967337, 'long': 36.063792}",Орёл
359,791,Волгодонск-1,Волгодонск-1,2022-12-24,"{'lat': 47.513406, 'long': 42.186056}",Волгодонск
360,793,Куйбышев-1,Куйбышев и Барабинск,2018-12-31,"{'lat': 55.445979, 'long': 78.31445}",Куйбышев
361,796,Кропоткин-1,"Красная, 92",2018-09-25,"{'lat': 45.434283, 'long': 40.568771}",Кропоткин
362,797,Орел-2,"Комсомольская, 248",2018-06-24,"{'lat': 52.93958, 'long': 36.045022}",Орёл
363,798,Москва 5-2,Старое Марьино,2019-01-16,"{'lat': 55.647527, 'long': 37.723936}",Москва
364,803,Егорьевск-1,Егорьевск,2018-07-13,"{'lat': 55.373076, 'long': 39.0545}",Егорьевск
365,805,Курск-1,"Курск-1, Карла Маркса 68",2018-11-10,"{'lat': 51.761889, 'long': 36.184553}",Курск
366,806,Пенза-2,"Пенза-2, ТРЦ Квадрат",2018-08-12,"{'lat': 53.227097, 'long': 44.938016}",Пенза
367,808,Истра-1,Истра,2018-10-02,"{'lat': 55.914227, 'long': 36.865951}",Истра
368,809,Екатеринбург-5,Екатеринбург-5,2018-11-12,"{'lat': 56.790353, 'long': 60.515252}",Екатеринбург
369,813,Арзамас-1,Арзамас,2018-08-28,"{'lat': 55.399702, 'long': 43.832319}",Арзамас
370,814,Москва 0-14,Обручева,2021-01-09,"{'lat': 55.65881, 'long': 37.514383}",Москва
371,815,Москва 0-15,Бутырская,2019-03-28,"{'lat': 55.813649, 'long': 37.603651}",Москва
372,817,Санкт-Петербург 2-6,м. Нарвская,2018-08-09,"{'lat': 59.900506, 'long': 30.27197}",Санкт-Петербург
373,820,Челябинск-4,"Сталеваров, 7в",2018-07-19,"{'lat': 55.26208, 'long': 61.403389}",Челябинск
374,821,Калуга-2,ТРЦ Торговый Квартал,2018-07-09,"{'lat': 54.588392, 'long': 36.248724}",Калуга
375,823,Краснокамск-1,Краснокамск,2019-02-11,"{'lat': 58.078771, 'long': 55.752302}",Краснокамск
376,824,Санкт-Петербург 1-2,м. Звездная,2019-03-27,"{'lat': 59.830723, 'long': 30.350039}",Санкт-Петербург
377,825,Санкт-Петербург 1-3,ул. Бассейная,2020-08-26,"{'lat': 59.86631, 'long': 30.314997}",Санкт-Петербург
378,826,Санкт-Петербург 1-4,ТРК Лондон Молл,2019-02-01,"{'lat': 59.912976, 'long': 30.446144}",Санкт-Петербург
379,827,Санкт-Петербург 1-5,пр-т. Большевиков,2018-09-11,"{'lat': 59.917804, 'long': 30.473532}",Санкт-Петербург
380,828,Санкт-Петербург 1-6,ТЦ Смайл,2021-05-14,"{'lat': 59.900507, 'long': 30.485892}",Санкт-Петербург
381,830,Елабуга-1,Елабуга,2018-11-20,"{'lat': 55.751039, 'long': 52.016948}",Елабуга
382,831,Щелково-2,Кинотеатр «Пять звёзд»,2018-08-20,"{'lat': 55.921345, 'long': 37.991906}",Щелково
383,832,Москва 0-17,Перово,2018-10-15,"{'lat': 55.753904, 'long': 37.752894}",Москва
384,833,Таганрог-2,Мармелад,2018-07-04,"{'lat': 47.217502, 'long': 38.898974}",Таганрог
385,835,Никольское-1,Никольское,2018-12-13,"{'lat': 59.701494, 'long': 30.786922}",Никольское
386,837,Грозный-1,Грозный,2020-12-10,"{'lat': 43.324187, 'long': 45.695016}",Грозный
387,838,Новый Уренгой-2,Новый Уренгой,2018-09-01,"{'lat': 66.083675, 'long': 76.666684}",Новый Уренгой
388,840,Ульяновск-4,Аквамолл,2018-10-31,"{'lat': 54.306407, 'long': 48.356734}",Ульяновск
389,842,Барнаул-1,"пр-т Красноармейский, д. 75",2018-12-26,"{'lat': 53.338796, 'long': 83.772651}",Барнаул
390,844,Ступино-1,Ступино,2018-11-19,"{'lat': 54.8871, 'long': 38.05949}",Ступино
391,845,Москва 13-3,Фили-Давыдково,2018-07-30,"{'lat': 55.722297, 'long': 37.474522}",Москва
392,847,Екатеринбург-7,Екатеринбург-7,2019-03-27,"{'lat': 56.826769, 'long': 60.605209}",Екатеринбург
393,848,Екатеринбург-8,Екатеринбург-8,2019-04-23,"{'lat': 56.83877, 'long': 60.61103}",Екатеринбург
394,849,Москва 5-6,Афимолл,2018-09-19,"{'lat': 55.749764, 'long': 37.541328}",Москва
395,850,Комсомольск-на-Амуре-3,"Краснофлотская, 19",2018-12-18,"{'lat': 50.544247, 'long': 137.021016}",Комсомольск-на-Амуре
396,852,Стрежевой-1,Стрежевой-1,2020-03-01,"{'lat': 60.734112, 'long': 77.6034}",Стрежевой
397,855,Санкт-Петербург 10-1,Большой пр-т.,2018-12-03,"{'lat': 59.958974, 'long': 30.301382}",Санкт-Петербург
398,859,Лянтор-1,Три Медведя,2019-08-28,"{'lat': 61.62006, 'long': 72.164804}",Лянтор
399,860,Москва 16-2,"ВДНХ, Останкино",2018-10-25,"{'lat': 55.81649, 'long': 37.62063}",Москва
400,861,Москва 17-1,Косино - Некрасовка,2019-08-29,"{'lat': 55.713309, 'long': 37.878326}",Москва
401,863,Биробиджан-1,Биробиджан,2023-05-29,"{'lat': 48.789439, 'long': 132.932839}",Биробиджан
402,870,Кириши-1,Кириши,2019-03-21,"{'lat': 59.445143, 'long': 32.015481}",Кириши
403,871,Тюмень-5,ТЦ Матрёшка,2018-11-18,"{'lat': 57.107137, 'long': 65.589605}",Тюмень
404,873,Тамбов-2,ТЦ Браво,2018-10-08,"{'lat': 52.766585, 'long': 41.397396}",Тамбов
405,874,Краснодар-7,"Московская, 152",2018-09-22,"{'lat': 45.091157, 'long': 39.002505}",Краснодар
406,876,Копейск-1,Копейск,2018-11-16,"{'lat': 55.117561, 'long': 61.609085}",Копейск
407,878,Челябинск-5,"40 лет Победы, 1",2018-12-21,"{'lat': 55.191769, 'long': 61.282153}",Челябинск
408,879,Белгород-3,Белгород-3,2018-10-05,"{'lat': 50.554649, 'long': 36.568704}",Белгород
409,880,Орел-3,ТЦ Гринн,2018-10-31,"{'lat': 52.921121, 'long': 36.010034}",Орёл
410,882,Липецк-1,"ТЦ Ривьера, Катукова 51",2018-12-30,"{'lat': 52.592581, 'long': 39.503875}",Липецк
411,883,Железнодорожный-2,Кучино,2022-06-10,"{'lat': 55.75102, 'long': 37.95728}",Железнодорожный
412,884,Мытищи-2,Арена Мытищи,2018-10-22,"{'lat': 55.911311, 'long': 37.726493}",Мытищи
413,886,Москва 7-1,Тимирязевский,2018-12-03,"{'lat': 55.809489, 'long': 37.569009}",Москва
414,887,Саратов-3,Центр,2018-12-23,"{'lat': 51.536807, 'long': 46.022425}",Саратов
415,889,Солнечногорск-1,Солнечногорск,2019-05-16,"{'lat': 56.18689, 'long': 36.98302}",Солнечногорск
416,891,Пятигорск-1,Пятигорск,2020-07-20,"{'lat': 44.035732, 'long': 43.067463}",Пятигорск
417,892,Брянск-2,Бежицкий,2018-10-21,"{'lat': 53.30859, 'long': 34.3046}",Брянск
418,893,Нижний Тагил-4,Пр.Ленинградский 85,2018-12-03,"{'lat': 57.910297, 'long': 60.124826}",Нижний Тагил
419,897,Переславль-Залесский-1,Переславль-Залесский,2021-08-14,"{'lat': 56.743795, 'long': 38.85625}",Переславль-Залесский
420,898,Москва 14-2,Печатники,2019-01-14,"{'lat': 55.69154, 'long': 37.728054}",Москва
421,899,Ростов-на-Дону-4,Центр,2018-11-21,"{'lat': 47.219024, 'long': 39.707602}",Ростов-на-Дону
422,901,Зеленогорск Санкт-Петербург-1,Зеленогорск,2019-04-09,"{'lat': 60.205983, 'long': 29.703451}",Зеленогорск (Санкт-Петербург)
423,902,Санкт-Петербург 6-2,наб. Черной речки,2019-04-24,"{'lat': 59.986069, 'long': 30.304166}",Санкт-Петербург
424,909,Волгоград-3,"Волгоград-3, Кировский",2018-12-23,"{'lat': 48.620426, 'long': 44.426739}",Волгоград
425,910,Волжский-2,"Волжский-2, Площадь Ленина",2018-12-09,"{'lat': 48.786831, 'long': 44.752403}",Волжский (Волгоградская обл.)
426,912,Новокузнецк-1,"Новокузнецк-1, Кирова 21А",2019-06-24,"{'lat': 53.757909, 'long': 87.119865}",Новокузнецк
427,913,Москва 2-2,Пионерская,2018-11-25,"{'lat': 55.737716, 'long': 37.47081}",Москва
428,915,Санкт-Петербург 11-1,ул. Садовая,2018-12-20,"{'lat': 59.92479, 'long': 30.312517}",Санкт-Петербург
429,916,Балашиха-2,Балашиха,2018-12-01,"{'lat': 55.822282, 'long': 37.9699}",Балашиха
430,918,Тосно-1,Тосно,2020-07-10,"{'lat': 59.540516, 'long': 30.875685}",Тосно
431,919,Москва 4-14,Первомайская,2019-02-14,"{'lat': 55.79345, 'long': 37.790399}",Москва
432,920,Самара-8,"Самара-8, Шостаковича 7",2019-01-21,"{'lat': 53.195894, 'long': 50.098945}",Самара
433,923,Москва 20-1,Богородское,2019-04-09,"{'lat': 55.800423, 'long': 37.710063}",Москва
434,926,Туапсе-1,Туапсе,2019-02-16,"{'lat': 44.09808, 'long': 39.081515}",Туапсе
435,928,Югорск-1,Югорск,2019-02-15,"{'lat': 61.314917, 'long': 63.331964}",Югорск
436,931,Краснодар-8,"ул. Монтажников, 1/3",2019-01-19,"{'lat': 45.059582, 'long': 38.961497}",Краснодар
437,932,Санкт-Петербург 4-2,пр-т. Славы,2019-01-26,"{'lat': 59.858349, 'long': 30.387419}",Санкт-Петербург
438,933,Самара-9,"Самара-9, Победы 108",2019-03-06,"{'lat': 53.218637, 'long': 50.260516}",Самара
439,935,Каменск-Шахтинский-1,Каменск-Шахтинский,2019-07-21,"{'lat': 48.321845, 'long': 40.268914}",Каменск-Шахтинский
440,937,Канск-1,Порт-Артур,2019-04-08,"{'lat': 56.231273, 'long': 95.701758}",Канск
441,939,Туймазы-1,Туймазы,2019-11-16,"{'lat': 54.604757, 'long': 53.703677}",Туймазы
442,941,Кострома-1,Советская 2,2019-02-14,"{'lat': 57.765398, 'long': 40.931727}",Кострома
443,943,Москва 1-19,Речной Вокзал,2019-12-10,"{'lat': 55.854032, 'long': 37.475854}",Москва
444,946,Москва 23-1,Сокольники,2019-03-28,"{'lat': 55.791148, 'long': 37.680465}",Москва
445,948,Москва 18-1,Рязанский проспект,2019-03-28,"{'lat': 55.725331, 'long': 37.761211}",Москва
446,949,Москва 18-2,Выхино,2019-08-07,"{'lat': 55.717384, 'long': 37.811317}",Москва
447,950,Москва 18-3,Текстильщики,2020-02-29,"{'lat': 55.707836, 'long': 37.729925}",Москва
448,951,Москва 18-4,Саратовская,2021-05-02,"{'lat': 55.715748, 'long': 37.741297}",Москва
449,952,Москва 18-5,"Ярославское шоссе, 22",2019-03-02,"{'lat': 55.856598, 'long': 37.685907}",Москва
450,954,Павловский Посад-1,Павловский Посад,2019-03-16,"{'lat': 55.780279, 'long': 38.672275}",Павловский Посад
451,956,Яблоновский-1,Яблоновский,2019-06-01,"{'lat': 45.001466, 'long': 38.931906}",Яблоновский
452,957,Реутов-2,"Реутов, 3-й м-н",2019-02-24,"{'lat': 55.75629, 'long': 37.85029}",Реутов
453,960,Москва 20-4,Басманная,2020-06-23,"{'lat': 55.765179, 'long': 37.660161}",Москва
454,963,Казань-6,Авиастроительный район ,2019-07-17,"{'lat': 55.853259, 'long': 49.083624}",Казань
455,965,Щербинка-2,станция Бутово,2020-01-24,"{'lat': 55.540414, 'long': 37.572827}",Москва
456,966,Санкт-Петербург 3-12,"Санкт-Петербург 3-12, ул. Наличная, 22",2023-05-15,"{'lat': 59.937707, 'long': 30.232801}",Санкт-Петербург
457,967,Санкт-Петербург 3-13,"Санкт-Петербург 3-13, м. Василеостровская",2019-05-08,"{'lat': 59.942047, 'long': 30.280277}",Санкт-Петербург
458,968,Москва 4-15,Гольяново,2020-06-15,"{'lat': 55.813698, 'long': 37.797577}",Москва
459,970,Москва 4-17,Серпуховская,2019-04-07,"{'lat': 55.722679, 'long': 37.627544}",Москва
460,972,Заречный Пензенская-1,Заречный,2019-10-29,"{'lat': 53.201574, 'long': 45.158444}",Заречный (Пензенская обл.)
461,973,Москва 0-18,Ивановское,2019-12-30,"{'lat': 55.763002, 'long': 37.832977}",Москва
462,974,Москва 0-19,Таганская,2019-07-03,"{'lat': 55.739752, 'long': 37.652005}",Москва
463,976,Москва 11-1,Москва 11-1 Митино,2019-03-15,"{'lat': 55.847839, 'long': 37.37064}",Москва
464,978,Кстово-1,Кстово,2019-08-27,"{'lat': 56.14913, 'long': 44.201191}",Кстово
465,979,Новосибирск-3,"ул. Громова, д. 8/1",2019-04-27,"{'lat': 54.937903, 'long': 82.908105}",Новосибирск
466,980,Новосибирск-4,"ул. Новосибирская, д. 19А",2019-05-08,"{'lat': 54.988985, 'long': 82.843983}",Новосибирск
467,982,Санкт-Петербург 13-1,Суворовский пр-т,2019-06-29,"{'lat': 59.945071, 'long': 30.38678}",Санкт-Петербург
468,984,Кемерово-1,Кемерово-1,2019-06-18,"{'lat': 55.356848, 'long': 86.077838}",Кемерово
469,985,Санкт-Петербург 0-3,Гражданский пр-т.,2019-08-05,"{'lat': 60.037104, 'long': 30.414297}",Санкт-Петербург
470,986,Ростов-на-Дону-5,Сельмаш,2019-04-26,"{'lat': 47.254449, 'long': 39.764986}",Ростов-на-Дону
471,987,Москва 14-3,Калитники,2019-05-14,"{'lat': 55.729033, 'long': 37.677804}",Москва
472,990,Додо Франчайзинг-3,Додо офис МСК,2019-04-12,"{'lat': 55.079251, 'long': 35.002906}",Тёмкино
473,991,Тула-2,"Ленина, 96",2019-09-30,"{'lat': 54.165377, 'long': 37.585515}",Тула
474,994,Славянск-на-Кубани-1,Славянск-на-Кубани,2019-06-25,"{'lat': 45.259864, 'long': 38.1268}",Славянск-на-Кубани
475,995,Додо Франчайзинг-4,УЦ Розницы,,"{'lat': 0, 'long': 0}",
476,998,Якутск-2,Дзержинского ,2019-04-29,"{'lat': 62.039089, 'long': 129.741628}",Якутск
477,999,Тверь-2,Юность,2020-12-27,"{'lat': 56.870661, 'long': 35.893197}",Тверь
478,1002,Тверь-3,Южный,2019-05-23,"{'lat': 56.815161, 'long': 35.906201}",Тверь
479,1006,Киров-2,Киров-2,2019-07-23,"{'lat': 58.580352, 'long': 49.652158}",Киров
480,1008,Сочи-2,Адлер,2019-06-21,"{'lat': 43.423087, 'long': 39.921387}",Адлер
481,1011,Астрахань-3,Центр,2019-06-27,"{'lat': 46.351992, 'long': 48.037566}",Астрахань
482,1012,Санкт-Петербург 10-2,Каменноостровский пр-т.,2019-07-08,"{'lat': 59.969033, 'long': 30.308728}",Санкт-Петербург
483,1013,Красноярск-2,"Красноярск-2, пр-т Мира 60",2019-07-29,"{'lat': 56.012727, 'long': 92.875425}",Красноярск
484,1014,Москва 1-20,Новокосино,2019-09-01,"{'lat': 55.74372, 'long': 37.8635}",Москва
485,1015,Москва 1-21,Вешняки,2019-09-17,"{'lat': 55.736062, 'long': 37.830013}",Москва
486,1016,Москва 1-22,Сокол,2019-06-03,"{'lat': 55.80655, 'long': 37.504708}",Москва
487,1017,Москва 1-23,Беговая,2019-08-28,"{'lat': 55.774612, 'long': 37.535722}",Москва
488,1018,Москва 1-24,Масловка,2019-07-05,"{'lat': 55.793298, 'long': 37.56573}",Москва
489,1021,Губкинский-1,Губкинский,2020-10-16,"{'lat': 64.430921, 'long': 76.501679}",Губкинский
490,1023,Воркута-1,Воркута-1,2020-07-23,"{'lat': 67.4988, 'long': 64.0525}",Воркута
491,1024,Краснодар-9,"ТРК СБС 3 этаж,фуд-корт",2019-08-31,"{'lat': 45.03449, 'long': 39.052586}",Краснодар
492,1025,Иркутск-2,Университетский,2019-09-06,"{'lat': 52.255442, 'long': 104.249282}",Иркутск
493,1026,Челябинск-6,"Дзержинского, 126",2019-09-03,"{'lat': 55.133359, 'long': 61.429018}",Челябинск
494,1028,Златоуст-1,Златоуст,2019-11-11,"{'lat': 55.148374, 'long': 59.669874}",Златоуст
495,1029,Нижний Новгород-3,"Нижний Новгород-3, Двигатель Революции",2019-09-30,"{'lat': 56.274323, 'long': 43.920292}",Нижний Новгород
496,1032,Видное-1,Видное,2019-11-08,"{'lat': 55.54684, 'long': 37.7101}",Видное
497,1033,Хабаровск-2,ЦУМ,2019-12-02,"{'lat': 48.477649, 'long': 135.065521}",Хабаровск
498,1034,Хабаровск-5,Броско,2019-11-15,"{'lat': 48.461933, 'long': 135.079103}",Хабаровск
499,1035,Екатеринбург-9,Екатеринбург-9,2019-11-16,"{'lat': 56.813148, 'long': 60.57216}",Екатеринбург
500,1037,Новосибирск-5,"ул. Кошурникова, д. 7/2",2019-11-06,"{'lat': 55.043071, 'long': 82.956488}",Новосибирск
501,1038,Новосибирск-6,"ул. Объединения, д. 27",2019-11-07,"{'lat': 55.097579, 'long': 82.964833}",Новосибирск
502,1039,Новосибирск-7,"ул. Ватутина, д. 31",2019-11-08,"{'lat': 54.982425, 'long': 82.898439}",Новосибирск
503,1040,Санкт-Петербург 0-4,ул. Софьи Ковалевской,2019-11-20,"{'lat': 60.012431, 'long': 30.411377}",Санкт-Петербург
504,1041,Омск-2,Омск – 10 лет Октября 92,2019-10-31,"{'lat': 54.984877, 'long': 73.401797}",Омск
505,1042,Омск-3,Омск – Ленина,2019-12-17,"{'lat': 54.984507, 'long': 73.375686}",Омск
506,1043,Тестовое подразделение-1,Тестовое подразделение-1,2019-09-09,"{'lat': 180.0, 'long': 180.0}",
507,1045,Лабытнанги-1,ул.Школьная 25а,2019-12-29,"{'lat': 66.661607, 'long': 66.378507}",Лабытнанги
508,1046,Москва 4-18,Полянка,2019-11-18,"{'lat': 55.734025, 'long': 37.619138}",Москва
509,1047,Подольск-2,Климовск,2019-09-30,"{'lat': 55.379622, 'long': 37.542318}",Подольск
510,1048,Санкт-Петербург 10-3,пр-т. Просвещения,2019-10-25,"{'lat': 60.04313, 'long': 30.385252}",Санкт-Петербург
511,1049,Москва 1-25,Путилково,2019-12-24,"{'lat': 55.870014, 'long': 37.399925}",Путилково
512,1050,Санкт-Петербург 11-2,ул. Наличная,2019-11-30,"{'lat': 59.952069, 'long': 30.232846}",Санкт-Петербург
513,1051,Томск-2,"Иркутский тракт, 70",2019-10-24,"{'lat': 56.505229, 'long': 85.014751}",Томск
514,1052,Новосибирск-8,"ул. Кошурникова, д. 33",2019-12-18,"{'lat': 55.03895, 'long': 82.975245}",Новосибирск
515,1054,Минеральные Воды-1,Минеральные Воды,2019-12-25,"{'lat': 44.210554, 'long': 43.138643}",Минеральные Воды
516,1055,Курган-2,Володарского,2020-03-02,"{'lat': 55.437091, 'long': 65.342958}",Курган
517,1056,Астрахань-4,Дэкстер,2019-12-05,"{'lat': 46.412645, 'long': 47.985153}",Астрахань
518,1057,Санкт-Петербург 12-1,ТЦ Зебра,2019-11-01,"{'lat': 59.945644, 'long': 30.496789}",Санкт-Петербург
519,1058,Санкт-Петербург 12-2,ТРЦ Охта Молл,2019-11-01,"{'lat': 59.939771, 'long': 30.417668}",Санкт-Петербург
520,1059,Санкт-Петербург 12-3,ТРК Заневский Каскад,2019-11-01,"{'lat': 59.932927, 'long': 30.436758}",Санкт-Петербург
521,1061,Краснодар-10,"ул. Коммунаров, 268/1",2019-12-11,"{'lat': 45.049265, 'long': 38.98347}",Краснодар
522,1062,Великий Новгород-2,Ивушки,2019-12-07,"{'lat': 58.54557, 'long': 31.311049}",Великий Новгород
523,1063,Новочеркасск-1,Новочеркасск,2019-12-19,"{'lat': 47.411626, 'long': 40.102416}",Новочеркасск
524,1064,Москва 17-2,Пресня - Тверская,2019-12-07,"{'lat': 55.772512, 'long': 37.585547}",Москва
525,1066,Москва 4-19,Красная Пресня,2019-12-19,"{'lat': 55.761355, 'long': 37.585637}",Москва
526,1073,Санкт-Петербург 2-3,пр-т. Ветеранов,2019-12-31,"{'lat': 59.833134, 'long': 30.197083}",Санкт-Петербург
527,1075,Славянка-1,Славянка,2020-01-05,"{'lat': 59.740371, 'long': 30.475364}",Шушары
528,1076,Санкт-Петербург 2-4,ЖК Солнечный город,2021-12-14,"{'lat': 59.839832, 'long': 30.10453}",Санкт-Петербург
529,1077,Иркутск-3,Карла Маркса,2020-01-03,"{'lat': 52.286106, 'long': 104.289527}",Иркутск
530,1079,Кингисепп-2,Ребус,2020-01-02,"{'lat': 59.36, 'long': 28.61}",Кингисепп
531,1080,Саратов-4,Заводской,2020-02-06,"{'lat': 51.500616, 'long': 45.939968}",Саратов
532,1081,Москва 0-20,Новослободская,2022-03-15,"{'lat': 55.782334, 'long': 37.59931}",Москва
533,1082,Москва 0-21,Марьина Роща,2020-02-11,"{'lat': 55.792387, 'long': 37.602876}",Москва
534,1084,Стерлитамак-2,Стерлитамак-2,2019-12-24,"{'lat': 53.627039, 'long': 55.909005}",Стерлитамак
535,1086,Луга-1,Луга,2021-10-17,"{'lat': 58.731729, 'long': 29.843754}",Луга
536,1087,Нижнекамск-2,Нижнекамск-2,2019-12-24,"{'lat': 55.647358, 'long': 51.80876}",Нижнекамск
537,1089,Брянск-3,Фокинский,2020-01-07,"{'lat': 53.21187, 'long': 34.41999}",Брянск
538,1091,Ликино-Дулево-1,Ликино-Дулёво,2019-12-30,"{'lat': 55.703667, 'long': 38.956439}",Ликино-Дулёво
539,1097,Воронеж-3,Воронеж-3,2020-03-07,"{'lat': 51.702218, 'long': 39.1804}",Воронеж
540,1099,Москва 1-27,Жулебино,2020-02-01,"{'lat': 55.695641, 'long': 37.851583}",Москва
541,1100,Сколково-1,Сколково,2020-07-08,"{'lat': 55.69889, 'long': 37.345302}",Новоивановское
542,1101,Красногорск-2,"ТЦ Родник, Народного ополчения 1А",2020-02-26,"{'lat': 55.836175, 'long': 37.317155}",Красногорск
543,1102,Мурино-1,Мурино,2020-07-01,"{'lat': 60.05675, 'long': 30.42917}",Мурино
544,1104,Ульяновск-5,Верхняя Терраса,2020-03-15,"{'lat': 54.336544, 'long': 48.536334}",Ульяновск
545,1106,Санкт-Петербург 4-4,Литейный пр-т.,2020-04-25,"{'lat': 59.937616, 'long': 30.348666}",Санкт-Петербург
546,1108,Москва 0-23,Центральный Детский Магазин,2020-06-23,"{'lat': 55.760241, 'long': 37.625001}",Москва
547,1110,Муравленко-1,Муравленко,2020-09-25,"{'lat': 63.794617, 'long': 74.493585}",Муравленко
548,1111,Санкт-Петербург 10-4,Невский пр-т.,2020-04-21,"{'lat': 59.934272, 'long': 30.336964}",Санкт-Петербург
549,1112,Самара-10,"Самара-10, ТК ""Амбар""",2020-05-30,"{'lat': 53.14038, 'long': 50.173675}",Самара
550,1114,Новосибирск-11,"ул. Одоевского, д. 1/12",2020-09-10,"{'lat': 54.936786, 'long': 83.099949}",Новосибирск
551,1115,Новосибирск-12,"ул. Гоголя, д. 33/1",2021-02-24,"{'lat': 55.043979, 'long': 82.935584}",Новосибирск
552,1116,Химки-2,Старые Химки,2020-07-23,"{'lat': 55.890522, 'long': 37.4451}",Химки
553,1119,Белогорск-1,Белогорск,2020-06-06,"{'lat': 50.918913, 'long': 128.473032}",Белогорск
554,1121,Норильск-2,Норильск-2,2020-04-27,"{'lat': 69.353542, 'long': 88.19229}",Норильск
555,1122,Горячий Ключ-1,Горячий Ключ,2021-06-21,"{'lat': 44.627799, 'long': 39.107886}",Горячий Ключ
556,1123,Челябинск-7,"Проспект Победы, 159",2021-02-21,"{'lat': 55.184021, 'long': 61.4004}",Челябинск
557,1124,Когалым-1,Когалым,2020-11-05,"{'lat': 62.262482, 'long': 74.47685}",Когалым
558,1127,Электроугли-1,Электроугли,2021-06-09,"{'lat': 55.715931, 'long': 38.214521}",Электроугли
559,1128,Петрозаводск-2,Древлянка,2020-08-25,"{'lat': 61.769382, 'long': 34.309787}",Петрозаводск
560,1129,Рязань-2,"Советской Армии, 11",2020-07-27,"{'lat': 54.611551, 'long': 39.793938}",Рязань
561,1130,Москва 23-2,Бирюлево Западное,2020-06-04,"{'lat': 55.587575, 'long': 37.652957}",Москва
562,1132,Красноярск-3,"Красноярск-3, Ладо Кецховели 28",2020-11-14,"{'lat': 56.014831, 'long': 92.813773}",Красноярск
563,1133,Красноярск-4,"Красноярск-4, Дмитрия Мартынова 18",2020-09-10,"{'lat': 56.038569, 'long': 92.876494}",Красноярск
564,1134,Екатеринбург-10,Екатеринбург-10,2022-11-21,"{'lat': 56.781498, 'long': 60.60891}",Екатеринбург
565,1135,Екатеринбург-11,Екатеринбург-11,2020-10-23,"{'lat': 56.838568, 'long': 60.553214}",Екатеринбург
566,1136,Крымск-1,Крымск,2020-07-31,"{'lat': 44.932344, 'long': 37.985459}",Крымск
567,1137,Краснодар-11,ул.им.Героя Николая Шевелева д.2,2020-06-30,"{'lat': 45.072459, 'long': 39.0393}",Краснодар
568,1142,Иваново-2,Иваново-2,2020-09-20,"{'lat': 56.997039, 'long': 40.980182}",Иваново
569,1143,Новосибирск-13,"ул. Кирова, д. 46/1",2021-02-24,"{'lat': 55.018334, 'long': 82.939411}",Новосибирск
570,1144,Ростов-на-Дону-6,Военвед,2020-09-22,"{'lat': 47.259702, 'long': 39.651762}",Ростов-на-Дону
571,1145,Великие Луки-1,Великие Луки,2020-09-07,"{'lat': 56.347092, 'long': 30.559915}",Великие Луки
572,1148,Глазов-1,Глазов,2020-09-30,"{'lat': 58.139604, 'long': 52.675546}",Глазов
573,1149,Саратов-5,Юбилейный,2020-09-30,"{'lat': 51.569952, 'long': 46.068689}",Саратов
574,1150,Звенигород-1,Звенигород,2021-01-16,"{'lat': 55.72964, 'long': 36.856448}",Звенигород
575,1151,Санкт-Петербург 12-5,Московский пр-т,2020-10-23,"{'lat': 59.920641, 'long': 30.318267}",Санкт-Петербург
576,1153,Саранск-2,Саранск,2020-10-12,"{'lat': 54.182415, 'long': 45.182861}",Саранск
577,1154,Северодвинск-1,Северодвинск,2020-12-18,"{'lat': 64.539323, 'long': 39.813001}",Северодвинск
578,1155,Ижевск-3,"ул. 50 лет ВЛКСМ, д. 49",2020-11-10,"{'lat': 56.87607, 'long': 53.18262}",Ижевск
579,1156,Йошкар-Ола-2,Йошкар-Ола-2,2020-10-23,"{'lat': 56.640714, 'long': 47.870745}",Йошкар-Ола
580,1157,Москва 0-24,МФК Колумбус. Фудкорт,2021-03-11,"{'lat': 55.611773, 'long': 37.606892}",Москва
581,1158,Череповец-2,"Победы, 151",2020-11-24,"{'lat': 59.122888, 'long': 37.98908}",Череповец
582,1159,Санкт-Петербург 0-5,ТРК Европолис,2020-10-31,"{'lat': 59.9876, 'long': 30.353903}",Санкт-Петербург
583,1171,Вышний Волочек-1,Вышний Волочек-1,2021-01-10,"{'lat': 57.589784, 'long': 34.569023}",Вышний Волочек
584,1174,Ишимбай-1,Ишимбай,2021-04-20,"{'lat': 53.451843, 'long': 56.04033}",Ишимбай
585,1175,Рязань-3,"Народный бульвар, 2а",2020-11-25,"{'lat': 54.644608, 'long': 39.657566}",Рязань
586,1176,Королев-2,Юбилейный,2020-12-21,"{'lat': 55.934442, 'long': 37.846813}",Королев
587,1177,Кореновск-1,Кореновск,2020-11-25,"{'lat': 45.466256, 'long': 39.448456}",Кореновск
588,1178,Москва 12-2,Электрозаводская,2020-11-28,"{'lat': 55.781879, 'long': 37.707808}",Москва
589,1185,Пенза-3,"Пенза-3, ТРЦ ""Ритейл Парк""",2020-12-28,"{'lat': 53.12745, 'long': 45.02313}",Пенза
590,1187,Волхов-1,Волхов,2021-04-05,"{'lat': 59.896082, 'long': 32.353527}",Волхов
591,1188,Верхняя Пышма-1,Верхняя Пышма,2021-03-05,"{'lat': 56.97275, 'long': 60.5736}",Верхняя Пышма
592,1189,Челябинск-8,"Проспект Ленина, 77",2021-03-12,"{'lat': 55.159347, 'long': 61.377359}",Челябинск
593,1190,Челябинск-9,"Братьев Кашириных, 158",2021-02-23,"{'lat': 55.164719, 'long': 61.294346}",Челябинск
594,1191,Магнитогорск-2,"Магнитогорск-2, Карла Маркса, 170/1",2021-02-10,"{'lat': 53.380154, 'long': 58.977111}",Магнитогорск
595,1194,Санкт-Петербург 14-1,Бухарестская,2021-06-19,"{'lat': 59.884941, 'long': 30.368428}",Санкт-Петербург
596,1199,Москва 1-28,Люблино,2021-06-23,"{'lat': 55.675996, 'long': 37.772388}",Москва
597,1201,Хабаровск-3,Шеронова,2021-03-24,"{'lat': 48.47845, 'long': 135.06963}",Хабаровск
598,1202,Барнаул-2,"ул. Балтийская, д. 103",2021-11-17,"{'lat': 53.337328, 'long': 83.652413}",Барнаул
599,1203,Барнаул-3,"ул. Балтийская, д. 7А",2021-03-29,"{'lat': 53.333817, 'long': 83.689073}",Барнаул
600,1208,Братск-2,Энергетик,2021-07-17,"{'lat': 56.301144, 'long': 101.758155}",Братск
601,1211,Липецк-2,Валентины Терешковой 18,2021-04-22,"{'lat': 52.615852, 'long': 39.56821}",Липецк
602,1213,Омск-4,Омск - Галактика,2021-07-01,"{'lat': 54.948908, 'long': 73.38828}",Омск
603,1214,Омск-5,Омск - Мира 7А,2021-08-13,"{'lat': 55.023934, 'long': 73.297658}",Омск
604,1216,Южно-Сахалинск-2,Карла Маркса,2021-03-26,"{'lat': 46.957599, 'long': 142.730944}",Южно-Сахалинск
605,1229,Лыткарино-1,Лыткарино,2021-05-06,"{'lat': 55.577918, 'long': 37.910279}",Лыткарино
606,1230,Новосибирск-14,"ул. Богдана Хмельницкого, д.1",2022-11-24,"{'lat': 55.06654, 'long': 82.934183}",Новосибирск
607,1231,Красноярск-5,"Красноярск-5, 78-й Добровольческой Бригады 23",2021-10-13,"{'lat': 56.047198, 'long': 92.901961}",Красноярск
608,1235,Омск-6,Омск –Кирова 53,2022-01-19,"{'lat': 54.942894, 'long': 73.425569}",Омск
609,1236,Лангепас-1,Юбилейное,2021-07-17,"{'lat': 61.24598, 'long': 75.177614}",Лангепас
610,1246,Ростов-на-Дону-7,Пушкинская,2021-05-02,"{'lat': 47.227537, 'long': 39.724274}",Ростов-на-Дону
611,1248,Санкт-Петербург 5-2,Рыбацкое,2021-09-23,"{'lat': 59.834103, 'long': 30.515492}",Санкт-Петербург
612,1249,Кинешма-1,Кинешма,2021-08-13,"{'lat': 57.441677, 'long': 42.169327}",Кинешма
613,1250,Саратов-6,ТЦ Город,2021-08-21,"{'lat': 51.541388, 'long': 45.990077}",Саратов
614,1251,Москва 2-3,Крылатское,2021-08-01,"{'lat': 55.759307, 'long': 37.408871}",Москва
615,1256,Полевской-1,Полевской,2021-11-16,"{'lat': 56.505216, 'long': 60.264728}",Полевской
616,1257,Ижевск-4,"ул. Гагарина, д. 27",2021-06-25,"{'lat': 56.802377, 'long': 53.186608}",Ижевск
617,1261,Иркутск-4,ТЦ СмайлМолл,2021-08-02,"{'lat': 52.351488, 'long': 104.150153}",Иркутск
618,1264,Новороссийск-3,Южная 24,2021-07-10,"{'lat': 44.676735, 'long': 37.793658}",Новороссийск
619,1265,Томск-3,"Ленина, 97",2021-07-15,"{'lat': 56.481862, 'long': 84.949436}",Томск
620,1266,Пермь-3,Садовый,2022-06-25,"{'lat': 58.005224, 'long': 56.30589}",Пермь
621,1267,Пермь-4,Балатово,2021-11-13,"{'lat': 57.974396, 'long': 56.170801}",Пермь
622,1269,Ставрополь-3,Центр,2021-07-25,"{'lat': 45.046113, 'long': 41.973537}",Ставрополь
623,1271,Курск-2,"Курск-2, Бойцов 9 Дивизии 185а ",2021-10-22,"{'lat': 51.726568, 'long': 36.138685}",Курск
624,1273,Новый Уренгой-3,Новый Уренгой,2021-09-12,"{'lat': 66.099286, 'long': 76.674345}",Новый Уренгой
625,1274,Голицыно-1,Голицыно,2021-12-03,"{'lat': 55.616, 'long': 36.982122}",Голицыно
626,1275,Урай-1,Урай,2021-12-18,"{'lat': 60.128969, 'long': 64.792939}",Урай
627,1276,Мурманск-2,"Баумана, 18",2021-09-27,"{'lat': 68.912062, 'long': 33.086955}",Мурманск
628,1278,Волгоград-4,"Волгоград-4, Красноармейский",2021-10-12,"{'lat': 48.514463, 'long': 44.537187}",Волгоград
629,1279,Тюмень-6,Европейский,2022-01-22,"{'lat': 57.169004, 'long': 65.563532}",Тюмень
630,1280,Ухта-1,Ухта,2021-08-25,"{'lat': 63.561829, 'long': 53.683968}",Ухта
631,1281,Уфа-4,Уфа-4. Дёма,2021-08-23,"{'lat': 54.701816, 'long': 55.827862}",Уфа
632,1282,Азов-1,Азов,2021-10-06,"{'lat': 47.110413, 'long': 39.425451}",Азов
633,1283,Казань-7,Приволжский район,2021-10-06,"{'lat': 55.746132, 'long': 49.189867}",Казань
634,1285,Мытищи-3,"ЖК ""Мытищи Лайт""",2021-10-01,"{'lat': 55.963411, 'long': 37.668805}",Мытищи
635,1290,Тамбов-3,Коммунальная,2021-10-28,"{'lat': 52.722746, 'long': 41.450531}",Тамбов
636,1291,Краснодар-12,Западный обход 39/2 строение 1,2021-10-01,"{'lat': 45.09376, 'long': 38.906098}",Краснодар
637,1292,Чебоксары-4,ЮЗР,2022-12-26,"{'lat': 56.11938, 'long': 47.186741}",Чебоксары
638,1294,Москва 0-25,ТЦ Prime Plaza,2021-10-13,"{'lat': 55.656357, 'long': 37.56936}",Москва
639,1295,Улан-Удэ-2 ," Ключевская, 40",2022-03-14,"{'lat': 51.82107, 'long': 107.634319}",Улан-Удэ
640,1297,Щелково-3,Свердловский,2022-01-11,"{'lat': 55.901909, 'long': 38.149249}",Свердловский
641,1298,Сланцы-1,Ул. Ленина 14,2022-11-19,"{'lat': 59.117491, 'long': 28.089555}",Сланцы
642,1301,Сыктывкар-7,"Станционная, 160/3",2021-12-01,"{'lat': 61.641554, 'long': 50.811389}",Сыктывкар
643,1302,Печора-1,Печора,2022-02-11,"{'lat': 65.13093, 'long': 57.162784}",Печора
644,1303,Руза-1,Руза,2022-03-05,"{'lat': 55.70459, 'long': 36.192027}",Руза
645,1304,Волоколамск-1,Волоколамск,2022-05-12,"{'lat': 56.030085, 'long': 35.959266}",Волоколамск
646,1305,Москва 0-26,ТРЦ Саларис,2021-12-30,"{'lat': 55.623569, 'long': 37.422243}",Москва
647,1306,Владивосток-2,"Владивосток-2, Космонавтов1/2",2022-01-31,"{'lat': 43.090067, 'long': 131.96686}",Владивосток
648,1307,Первоуральск-1,Первоуральск,2022-01-30,"{'lat': 56.904281, 'long': 59.943492}",Первоуральск
649,1308,Нижний Новгород-4,"Нижний Новгород-4, Ж/д вокзал ""Московский""",2022-04-09,"{'lat': 56.320808, 'long': 43.944488}",Нижний Новгород
650,1309,Тарко-Сале-1,Тарко-Сале,2022-02-03,"{'lat': 64.915289, 'long': 77.759842}",Тарко-Сале
651,1310,Астрахань-5,Декабристов,2022-01-26,"{'lat': 46.336907, 'long': 48.038021}",Астрахань
652,1313,Оренбург-3,Оренбург-3,2022-01-31,"{'lat': 51.774355, 'long': 55.184584}",Оренбург
653,1314,Соликамск-1,Соликамск,2022-03-15,"{'lat': 59.647428, 'long': 56.768468}",Соликамск
654,1320,Внуково-1,Внуково,2021-12-20,"{'lat': 55.615837, 'long': 37.263439}",Внуково
655,1321,Металлострой-1,Металлострой,2022-01-01,"{'lat': 59.813989, 'long': 30.564683}",Металлострой
656,1322,Пушкин-1,Пушкин,2022-01-10,"{'lat': 59.71862, 'long': 30.407002}",Пушкин
657,1323,Чебоксары-5,Шупашкар,2022-03-31,"{'lat': 56.098874, 'long': 47.286468}",Чебоксары
658,1324,Москва 12-3,Тагильская,2022-03-25,"{'lat': 55.818103, 'long': 37.752868}",Москва
659,1325,Волгоград-5,"Волгоград-5, Дзержинский ",2022-04-15,"{'lat': 48.74164, 'long': 44.489774}",Волгоград
660,1328,Уфа-5,Уфа-5. Гостинный Двор,2022-11-14,"{'lat': 54.724641, 'long': 55.943912}",Уфа
661,1329,Уфа-6,Уфа-6. ГДК,2022-02-11,"{'lat': 54.794988, 'long': 56.036627}",Уфа
662,1330,Москва 17-4,Проспект Мира,2022-02-10,"{'lat': 55.782547, 'long': 37.633688}",Москва
663,1331,Костомукша-1,Костомукша,2022-05-26,"{'lat': 64.586921, 'long': 30.608516}",Костомукша
664,1332,Киров-3,Киров-3,2022-05-30,"{'lat': 58.596684, 'long': 49.597667}",Киров
665,1333,Ижевск-5,"ТЦ ""Кит""",2022-04-21,"{'lat': 56.84621, 'long': 53.28928}",Ижевск
666,1334,Санкт-Петербург 6-3,Финляндский,2022-02-19,"{'lat': 59.955737, 'long': 30.356436}",Санкт-Петербург
667,1335,Королев-3," ТЦ ""Пионер""",2022-03-29,"{'lat': 55.912809, 'long': 37.856955}",Королев
668,1336,Сыктывкар-8,"Коммунистическая, 41/1",2022-10-10,"{'lat': 61.66202, 'long': 50.809602}",Сыктывкар
669,1337,Якутск-3,Лермонтова ,2022-03-28,"{'lat': 62.011443, 'long': 129.682016}",Якутск
670,1338,Кингисепп-3,Вернисаж,2022-03-15,"{'lat': 59.385931, 'long': 28.611854}",Кингисепп
671,1339,Казань-8,Вахитовский район,2022-05-05,"{'lat': 55.781, 'long': 49.1154}",Казань
672,1340,Ульяновск-6,Север,2022-02-14,"{'lat': 54.350311, 'long': 48.340079}",Ульяновск
673,1341,Москва 4-8,Бирюлево,2022-02-01,"{'lat': 55.582655, 'long': 37.671507}",Москва
674,1342,Санкт-Петербург 2-7,Кировский Завод,2022-02-23,"{'lat': 59.880315, 'long': 30.264574}",Санкт-Петербург
675,1343,Уфа-7,Уфа-7. ТЦ Башкирия,2022-04-11,"{'lat': 54.74142, 'long': 56.02698}",Уфа
676,1344,Москва 23-3,Люблино,2022-03-13,"{'lat': 55.685201, 'long': 37.737907}",Москва
677,1345,Котельники-1,Котельники,2022-03-25,"{'lat': 55.674717, 'long': 37.85453}",Котельники
678,1346,Якутск-4,Можайского ,2022-10-11,"{'lat': 62.084256, 'long': 129.741409}",Якутск
679,1348,Красное Село-2,Горелово,2022-05-04,"{'lat': 59.78707, 'long': 30.16195}",Новогорелово
680,1349,Мисайлово-1,Мисайлово-1,2022-05-21,"{'lat': 55.560698, 'long': 37.812165}",Мисайлово
681,1350,Оренбург-4,Оренбург-4,2022-04-25,"{'lat': 51.832382, 'long': 55.172117}",Оренбург
682,1354,Сочи-3,Лазаревское,2022-06-06,"{'lat': 43.909233, 'long': 39.331818}",Сочи
683,1356,Лобня-2,Лобня-2,2022-04-29,"{'lat': 56.006185, 'long': 37.443587}",Лобня
684,1357,Тула-3,"Ложевая, 136",2022-04-27,"{'lat': 54.197289, 'long': 37.657749}",Тула
685,1359,Новокузнецк-3,"Новокузнецк-3, Тореза 52",2022-05-23,"{'lat': 53.823656, 'long': 87.160527}",Новокузнецк
686,1360,Чита-2,Чита-2 КСК,2022-09-28,"{'lat': 52.064751, 'long': 113.39662}",Чита
687,1361,Ломоносов-1,Ломоносов,2022-06-09,"{'lat': 59.91564, 'long': 29.768105}",Ломоносов
688,1365,Хабаровск-4,Карла-Маркса,2022-06-23,"{'lat': 48.496417, 'long': 135.098929}",Хабаровск
689,1366,Сургут-4,На Крылова,2022-08-05,"{'lat': 61.286535, 'long': 73.355869}",Сургут
690,1367,Жуковский-2,Жуковский -2 ,2022-08-31,"{'lat': 55.608115, 'long': 38.092104}",Жуковский
691,1369,Тольятти-5,"Тольятти-5, ул. Лизы Чайкиной, 67",2022-09-08,"{'lat': 53.481904, 'long': 49.475819}",Тольятти
692,1371,Дубна-2,Дубна-2,2022-06-26,"{'lat': 56.735682, 'long': 37.160395}",Дубна
693,1372,Ноябрьск-2,Ноябрьск,2022-09-08,"{'lat': 63.201319, 'long': 75.451073}",Ноябрьск
694,1373,Нарьян-Мар-1,Нарьян-Мар,2022-10-05,"{'lat': 67.64369, 'long': 52.998467}",Нарьян-Мар
695,1374,Москва 4-9,Северное Бутово,2022-07-11,"{'lat': 55.56813, 'long': 37.568991}",Москва
696,1375,Омск-7,Сибирский проспект,2022-09-01,"{'lat': 54.910741, 'long': 73.458142}",Омск
697,1376,Санкт-Петербург 14-2,Новая Охта,2022-08-26,"{'lat': 60.03344, 'long': 30.44675}",Санкт-Петербург
698,1377,Голубое-1,Голубое,2022-11-12,"{'lat': 55.980734, 'long': 37.103655}",Голубое
699,1378,Сафоново-1,Сафоново,2022-10-27,"{'lat': 55.10956, 'long': 33.23722}",Сафоново
700,1379,Москва 17-5,Солнцево,2022-07-31,"{'lat': 55.64655, 'long': 37.407497}",Москва
701,1381,Бронницы-1,Бронницы,2023-01-02,"{'lat': 55.425032, 'long': 38.266021}",Бронницы
702,1382,Омск-8,Омск-Дианова,2022-12-30,"{'lat': 54.995137, 'long': 73.254009}",Омск
703,1384,Сосногорск-1,Сосногорск,2023-01-03,"{'lat': 63.586021, 'long': 53.935577}",Сосногорск
704,1385,Миасс-2,Миасс-2,2022-11-15,"{'lat': 55.154193, 'long': 60.155675}",Миасс
705,1386,Благовещенск-3,Ресторан,2022-12-18,"{'lat': 50.29693, 'long': 127.508156}",Благовещенск
706,1387,Калуга-3,ул. Братьев Луканиных 15,2022-10-22,"{'lat': 54.500071, 'long': 36.177842}",Калуга
707,1388,Балашиха-3,Балашиха,2022-10-27,"{'lat': 55.834057, 'long': 37.942277}",Балашиха
708,1389,Томск-4,"Фрунзе, 77",2022-10-20,"{'lat': 56.475837, 'long': 84.976161}",Томск
709,1390,Пермь-5,Компрос,2023-02-03,"{'lat': 58.007523, 'long': 56.241463}",Пермь
710,1391,Санкт-Петербург 1-7,м. Московская,2022-10-29,"{'lat': 59.850048, 'long': 30.320926}",Санкт-Петербург
711,1392,Омск-9,Омск-Амур,2023-01-28,"{'lat': 55.025973, 'long': 73.416541}",Омск
712,1395,Смоленск-4,"г. Смоленск, мкр. Королевка, д. 9Б",2022-12-27,"{'lat': 54.811871, 'long': 32.020754}",Смоленск
713,1398,Подольск-3,Кузнечики,2022-12-29,"{'lat': 55.422692, 'long': 37.487927}",Подольск
714,1400,Октябрьский-2,"Шашина, 10",2022-11-30,"{'lat': 54.478439, 'long': 53.52278}",Октябрьский (респ. Башкортостан)
715,1401,Мегион-1,Мегион,2022-12-27,"{'lat': 61.028741, 'long': 76.112556}",Мегион
716,1402,Курган-3,Центральный Рынок,2022-12-14,"{'lat': 55.439068, 'long': 65.356354}",Курган
717,1403,Санкт-Петербург 2-5,"ЖК ""Жемчужная симфония""",2023-01-19,"{'lat': 59.851976, 'long': 30.143269}",Санкт-Петербург
718,1404,Москва 3-4,Шелепиха,2022-12-03,"{'lat': 55.762717, 'long': 37.516161}",Москва
719,1406,Воронеж-4,Воронеж-4,2023-03-31,"{'lat': 51.66101, 'long': 39.153979}",Воронеж
720,1407,Воронеж-5,Воронеж-5,2022-12-22,"{'lat': 51.667412, 'long': 39.206171}",Воронеж
721,1409,Магадан-2,пр. Ленина 3,2022-12-17,"{'lat': 59.56769, 'long': 150.80814}",Магадан
722,1411,Тучково-1,Тучково,2023-02-20,"{'lat': 55.602591, 'long': 36.482479}",Тучково
723,1412,Санкт-Петербург 12-6,ТЦ Метрика,2023-03-24,"{'lat': 59.959462, 'long': 30.439674}",Санкт-Петербург
724,1414,Щелково-4,Сиреневая,2023-02-21,"{'lat': 55.928345, 'long': 37.986475}",Щелково
725,1415,Щербинка-4,Боброво ,2023-01-22,"{'lat': 55.540064, 'long': 37.612031}",Боброво (Московская обл.)
726,1416,Щербинка-3,ЖК Алхимово,2023-03-18,"{'lat': 55.476296, 'long': 37.530346}",Москва
727,1419,Мурино-2,Мурино-2,2023-01-25,"{'lat': 60.04934, 'long': 30.44382}",Мурино
728,1420,Владивосток-3,"Владивосток-3, Калинина 8",2023-02-10,"{'lat': 43.102622, 'long': 131.917501}",Владивосток
729,1421,Грозный-2,Грозный-2,2023-03-16,"{'lat': 43.319973, 'long': 45.687192}",Грозный
730,1422,Краснодар-13,Казбекская 14,2022-12-22,"{'lat': 45.065425, 'long': 38.954095}",Краснодар
731,1423,Кокошкино-1,Кокошкино,2023-03-07,"{'lat': 55.60221, 'long': 37.163465}",Кокошкино
732,1425,Якутск-5,Некрасова ,2023-01-04,"{'lat': 62.052645, 'long': 129.742303}",Якутск
733,1426,Казань-9,Баумана,2023-02-27,"{'lat': 55.789558, 'long': 49.116637}",Казань
734,1427,Дзержинский-1,Дзержинский,2023-01-24,"{'lat': 55.638287, 'long': 37.841028}",Дзержинский
735,1428,Челябинск-10,"Бейвеля, 67а",2023-04-20,"{'lat': 55.216741, 'long': 61.287147}",Челябинск
736,1430,Москва 13-4,ЗИЛ,2023-04-24,"{'lat': 55.69934, 'long': 37.656119}",Москва
737,1431,Михайловка-1,Михайловка,2023-04-22,"{'lat': 50.065122, 'long': 43.220365}",Михайловка
738,1432,Междуреченск-1,Междуреченск,2023-04-05,"{'lat': 53.689283, 'long': 88.064524}",Междуреченск
739,1436,Белореченск-1,Белореченск,2023-04-29,"{'lat': 44.764579, 'long': 39.866903}",Белореченск
740,1438,Москва 0-27,Новогиреево,2023-05-24,"{'lat': 55.750629, 'long': 37.817525}",Москва
741,1439,Химки-3,Две столицы,2023-04-08,"{'lat': 55.913984, 'long': 37.409217}",Химки
742,1440,Сыктывкар-9,"Первомайская, 41",2023-05-15,"{'lat': 61.673113, 'long': 50.826194}",Сыктывкар
743,1444,Брянск-4,Володарский,2023-03-23,"{'lat': 53.265169, 'long': 34.408698}",Брянск
744,1445,Железнодорожный-3,Железнодорожный-3,2023-03-08,"{'lat': 55.749035, 'long': 38.026171}",Железнодорожный
745,1447,Тверь-4,Торговый центр,2023-03-16,"{'lat': 56.854228, 'long': 35.863507}",Тверь
746,1450,Краснодар-14,Карякина 7,2023-03-22,"{'lat': 45.065539, 'long': 39.006835}",Краснодар
747,1451,Санкт-Петербург 13-2,Невский пр,2023-03-07,"{'lat': 59.923942, 'long': 30.383574}",Санкт-Петербург
748,1452,Шадринск-1,Шадринск,2023-04-18,"{'lat': 56.083411, 'long': 63.633906}",Шадринск
749,1453,Софрино-1,Софрино,2023-04-07,"{'lat': 56.08553, 'long': 37.92119}",Кощейково
750,1455,Геленджик-2,Островского 4,2023-04-01,"{'lat': 44.561488, 'long': 38.078543}",Геленджик
751,1456,Курск-3,Курск-3 Ленина 12,2023-04-03,"{'lat': 51.733368, 'long': 36.192512}",Курск
752,1459,Лабинск-1,Лабинск-1,2023-05-13,"{'lat': 44.629977, 'long': 40.72792}",Лабинск
753,1473,Октябрьский Московская-1,Октябрьский - Новые Островцы ,2023-05-16,"{'lat': 55.602937, 'long': 37.981435}",Островцы
